qpcr_backbone_s1_001_primer1	OV656858.1	100.000	19	0	0	2	20	16111535	16111553	4.7	38.2
qpcr_backbone_s1_001_primer1	OU452282.1	100.000	19	0	0	2	20	18638843	18638861	4.7	38.2
qpcr_backbone_s1_001_primer2	OU015538.1	100.000	20	0	0	2	21	12350398	12350417	1.2	40.1
qpcr_backbone_s1_001_primer2	XM_034299481.1	100.000	19	0	0	1	19	3233	3215	4.7	38.2
qpcr_backbone_s1_001_primer2	XM_026937365.2	100.000	19	0	0	1	19	3236	3218	4.7	38.2
qpcr_backbone_s1_001_primer2	XM_034299480.1	100.000	19	0	0	1	19	3746	3728	4.7	38.2
qpcr_backbone_s1_001_primer2	XM_034299479.1	100.000	19	0	0	1	19	3157	3139	4.7	38.2
qpcr_backbone_s1_001_primer2	CP050603.1	100.000	19	0	0	1	19	57325909	57325891	4.7	38.2
qpcr_backbone_s1_001_primer2	CP050614.1	100.000	19	0	0	1	19	57351740	57351722	4.7	38.2
qpcr_backbone_s1_001_primer2	OU342818.1	100.000	19	0	0	5	23	22274379	22274397	4.7	38.2
qpcr_backbone_s1_001_primer2	HG994396.1	100.000	19	0	0	1	19	6688815	6688833	4.7	38.2
qpcr_backbone_s1_001_probe	XM_046096380.1	100.000	21	0	0	7	27	2740	2720	1.2	42.1
qpcr_backbone_s1_001_probe	CP024633.1	100.000	20	0	0	5	24	575352	575371	4.8	40.1
qpcr_backbone_s1_003_primer1	LR722981.1	100.000	19	0	0	3	21	57450326	57450308	4.7	38.2
qpcr_backbone_s1_003_primer1	LR722981.1	100.000	19	0	0	3	21	57486426	57486408	4.7	38.2
qpcr_backbone_s1_003_primer1	CP050590.1	100.000	19	0	0	1	19	18632937	18632955	4.7	38.2
qpcr_backbone_s1_003_primer1	CP050632.1	100.000	19	0	0	1	19	18654103	18654121	4.7	38.2
qpcr_backbone_s1_003_primer1	HG994406.1	100.000	19	0	0	1	19	19222021	19222039	4.7	38.2
qpcr_backbone_s1_003_primer2	XM_035110780.1	100.000	19	0	0	3	21	1056	1074	7.1	38.2
qpcr_backbone_s1_003_primer2	XM_033143666.1	100.000	19	0	0	3	21	1167	1185	7.1	38.2
qpcr_backbone_s1_003_primer2	CP023122.1	100.000	19	0	0	5	23	16792557	16792575	7.1	38.2
qpcr_backbone_s1_003_primer2	CP018162.1	100.000	19	0	0	3	21	31042865	31042883	7.1	38.2
qpcr_backbone_s1_003_primer2	CP014586.1	100.000	19	0	0	3	21	1538652	1538634	7.1	38.2
qpcr_backbone_s1_003_primer2	XM_016191491.1	100.000	19	0	0	1	19	68	50	7.1	38.2
qpcr_backbone_s1_003_primer2	XM_016191490.1	100.000	19	0	0	1	19	46	28	7.1	38.2
qpcr_backbone_s1_003_primer2	AP014962.1	100.000	19	0	0	3	21	29668158	29668176	7.1	38.2
qpcr_backbone_s1_003_primer2	CP012614.1	100.000	19	0	0	3	21	29586683	29586701	7.1	38.2
qpcr_backbone_s1_003_primer2	OU015534.1	100.000	19	0	0	1	19	33918239	33918257	7.1	38.2
qpcr_backbone_s1_003_primer2	CP056057.1	100.000	19	0	0	3	21	30700025	30700043	7.1	38.2
qpcr_backbone_s1_003_primer2	CP054681.1	100.000	19	0	0	3	21	30501590	30501608	7.1	38.2
qpcr_backbone_s1_003_primer2	LR877227.1	100.000	19	0	0	1	19	32726494	32726512	7.1	38.2
qpcr_backbone_s1_003_primer2	AP004324.2	100.000	19	0	0	3	21	19544	19562	7.1	38.2
qpcr_backbone_s1_003_probe	XM_016309487.1	100.000	21	0	0	3	23	755	735	0.91	42.1
qpcr_backbone_s1_003_probe	XM_041267998.1	100.000	21	0	0	7	27	53	33	0.91	42.1
qpcr_backbone_s1_003_probe	XR_005558371.1	100.000	20	0	0	7	26	735	716	3.6	40.1
qpcr_backbone_s1_003_probe	XM_023808481.1	100.000	20	0	0	9	28	732	751	3.6	40.1
qpcr_backbone_s1_003_probe	XM_023808480.1	100.000	20	0	0	9	28	846	865	3.6	40.1
qpcr_backbone_s1_006_primer1	OW119929.1	100.000	22	0	0	1	22	44564069	44564090	0.077	44.1
qpcr_backbone_s1_006_primer1	OW119929.1	100.000	22	0	0	1	22	44564223	44564244	0.077	44.1
qpcr_backbone_s1_006_primer1	OW119929.1	100.000	22	0	0	1	22	44564377	44564398	0.077	44.1
qpcr_backbone_s1_006_primer1	OW119929.1	100.000	22	0	0	1	22	44564454	44564475	0.077	44.1
qpcr_backbone_s1_006_primer1	OW119929.1	100.000	22	0	0	1	22	44564608	44564629	0.077	44.1
qpcr_backbone_s1_006_primer1	OW119929.1	100.000	22	0	0	1	22	44564685	44564706	0.077	44.1
qpcr_backbone_s1_006_primer1	OW119929.1	100.000	22	0	0	1	22	44564762	44564783	0.077	44.1
qpcr_backbone_s1_006_primer1	OW119929.1	100.000	22	0	0	1	22	44564916	44564937	0.077	44.1
qpcr_backbone_s1_006_primer1	OW119929.1	100.000	19	0	0	4	22	44564303	44564321	4.7	38.2
qpcr_backbone_s1_006_primer1	OW119929.1	100.000	19	0	0	4	22	44564534	44564552	4.7	38.2
qpcr_backbone_s1_006_primer1	OW119929.1	100.000	19	0	0	4	22	44564842	44564860	4.7	38.2
qpcr_backbone_s1_006_primer1	XM_029571827.1	100.000	20	0	0	3	22	1549	1530	1.2	40.1
qpcr_backbone_s1_006_primer1	LR584403.1	100.000	20	0	0	1	20	56216492	56216473	1.2	40.1
qpcr_backbone_s1_006_primer1	CP050593.1	100.000	19	0	0	1	19	19099528	19099546	4.7	38.2
qpcr_backbone_s1_006_primer1	CP050635.1	100.000	19	0	0	1	19	19103448	19103466	4.7	38.2
qpcr_backbone_s1_006_primer1	XM_047737026.1	100.000	19	0	0	2	20	1689	1707	4.7	38.2
qpcr_backbone_s1_006_primer1	XM_047737023.1	100.000	19	0	0	2	20	1791	1809	4.7	38.2
qpcr_backbone_s1_006_primer1	XM_047737016.1	100.000	19	0	0	2	20	1733	1751	4.7	38.2
qpcr_backbone_s1_006_primer1	OW028715.1	100.000	19	0	0	3	21	7261229	7261247	4.7	38.2
qpcr_backbone_s1_006_primer1	OU427004.1	100.000	19	0	0	2	20	6312731	6312713	4.7	38.2
qpcr_backbone_s1_006_primer1	OU342466.1	100.000	19	0	0	3	21	14249793	14249775	4.7	38.2
qpcr_backbone_s1_006_primer1	OU342458.1	100.000	19	0	0	3	21	813887	813869	4.7	38.2
qpcr_backbone_s1_006_primer1	HG994394.1	100.000	19	0	0	1	19	41783913	41783895	4.7	38.2
qpcr_backbone_s1_006_primer2	LT558121.1	100.000	19	0	0	3	21	644165	644147	4.7	38.2
qpcr_backbone_s1_006_primer2	OU015689.1	100.000	19	0	0	3	21	16826770	16826788	4.7	38.2
qpcr_backbone_s1_006_probe	XM_030314151.2	100.000	23	0	0	7	29	1251	1229	0.078	46.1
qpcr_backbone_s1_006_probe	XM_029932678.1	100.000	23	0	0	7	29	1299	1277	0.078	46.1
qpcr_backbone_s1_006_probe	XM_027042134.1	100.000	23	0	0	7	29	1276	1254	0.078	46.1
qpcr_backbone_s1_006_probe	XM_025921588.1	100.000	23	0	0	7	29	1160	1138	0.078	46.1
qpcr_backbone_s1_006_probe	XM_025921587.1	100.000	23	0	0	7	29	1254	1232	0.078	46.1
qpcr_backbone_s1_006_probe	XM_019453631.1	100.000	23	0	0	7	29	1295	1273	0.078	46.1
qpcr_backbone_s1_006_probe	XM_047092015.1	100.000	23	0	0	7	29	1259	1237	0.078	46.1
qpcr_backbone_s1_006_probe	XM_043572891.1	100.000	23	0	0	7	29	1331	1309	0.078	46.1
qpcr_backbone_s1_006_probe	XM_042984877.1	100.000	23	0	0	7	29	1309	1287	0.078	46.1
qpcr_backbone_s1_006_probe	XM_042936829.1	100.000	23	0	0	7	29	1308	1286	0.078	46.1
qpcr_backbone_s1_006_probe	XM_039218719.1	100.000	23	0	0	7	29	1276	1254	0.078	46.1
qpcr_backbone_s1_006_probe	MH018589.1	96.154	26	1	0	1	26	1477	1502	0.31	44.1
qpcr_backbone_s1_006_probe	AP014957.1	96.154	26	1	0	1	26	35225596	35225621	0.31	44.1
qpcr_backbone_s1_006_probe	XM_047857460.1	100.000	22	0	0	7	28	1288	1267	0.31	44.1
qpcr_backbone_s1_006_probe	CP056052.1	96.154	26	1	0	1	26	36759082	36759107	0.31	44.1
qpcr_backbone_s1_006_probe	AP003230.4	96.154	26	1	0	1	26	97939	97964	0.31	44.1
qpcr_backbone_s1_006_probe	OU823245.1	100.000	21	0	0	1	21	12351774	12351754	1.2	42.1
qpcr_backbone_s1_006_probe	OU611888.1	100.000	21	0	0	1	21	8351649	8351669	1.2	42.1
qpcr_backbone_s1_006_probe	LR991037.1	100.000	21	0	0	1	21	14688085	14688105	1.2	42.1
qpcr_backbone_s1_006_probe	CP062009.1	100.000	21	0	0	4	24	44235410	44235430	1.2	42.1
qpcr_backbone_s1_006_probe	LR537141.1	100.000	20	0	0	5	24	11718472	11718453	4.8	40.1
qpcr_backbone_s1_006_probe	LR594564.1	100.000	20	0	0	10	29	12065634	12065615	4.8	40.1
qpcr_backbone_s1_006_probe	XM_021288879.1	100.000	20	0	0	10	29	7988	8007	4.8	40.1
qpcr_backbone_s1_006_probe	CP014899.1	100.000	20	0	0	7	26	1736126	1736107	4.8	40.1
qpcr_backbone_s1_006_probe	CP014890.1	100.000	20	0	0	7	26	1026295	1026314	4.8	40.1
qpcr_backbone_s1_006_probe	CP014881.1	100.000	20	0	0	7	26	950542	950523	4.8	40.1
qpcr_backbone_s1_006_probe	CP014873.1	100.000	20	0	0	7	26	2023772	2023791	4.8	40.1
qpcr_backbone_s1_006_probe	CP014623.1	100.000	20	0	0	7	26	945504	945485	4.8	40.1
qpcr_backbone_s1_006_probe	XM_023253284.2	100.000	20	0	0	7	26	1293	1274	4.8	40.1
qpcr_backbone_s1_006_probe	OU342812.1	100.000	20	0	0	9	28	24351838	24351857	4.8	40.1
qpcr_backbone_s1_006_probe	OU342645.1	100.000	20	0	0	1	20	14106766	14106747	4.8	40.1
qpcr_backbone_s1_008_primer1	AP018040.2	100.000	19	0	0	2	20	1518699	1518681	4.7	38.2
qpcr_backbone_s1_008_primer2	AP015042.1	100.000	20	0	0	2	21	25354754	25354773	1.8	40.1
qpcr_backbone_s1_008_primer2	AP022634.1	100.000	19	0	0	6	24	1782881	1782899	7.1	38.2
qpcr_backbone_s1_008_primer2	CP039346.1	100.000	19	0	0	6	24	65659416	65659434	7.1	38.2
qpcr_backbone_s1_008_primer2	OV121086.1	100.000	19	0	0	5	23	46801068	46801050	7.1	38.2
qpcr_backbone_s1_008_primer2	OU538767.1	100.000	19	0	0	5	23	154997	155015	7.1	38.2
qpcr_backbone_s1_008_primer2	OU015566.1	100.000	19	0	0	5	23	314987	314969	7.1	38.2
qpcr_backbone_s1_008_primer2	LR990300.1	100.000	19	0	0	2	20	11361360	11361378	7.1	38.2
qpcr_backbone_s1_009_primer1	OU342954.1	100.000	19	0	0	5	23	9276623	9276641	4.7	38.2
qpcr_backbone_s1_009_primer1	OU342950.1	100.000	19	0	0	5	23	53574232	53574250	4.7	38.2
qpcr_backbone_s1_009_primer1	OU342949.1	100.000	19	0	0	5	23	41513527	41513509	4.7	38.2
qpcr_backbone_s1_009_primer2	FR997705.1	100.000	20	0	0	1	20	12123194	12123175	1.2	40.1
qpcr_backbone_s1_009_primer2	HG993174.1	100.000	20	0	0	1	20	11967677	11967658	1.2	40.1
qpcr_backbone_s1_009_primer2	LR990596.1	100.000	20	0	0	1	20	9573446	9573465	1.2	40.1
qpcr_backbone_s1_009_primer2	LR989936.1	100.000	20	0	0	1	20	21898148	21898129	1.2	40.1
qpcr_backbone_s1_009_primer2	OV281300.1	100.000	19	0	0	1	19	7559820	7559802	4.7	38.2
qpcr_backbone_s1_009_primer2	OU525126.1	100.000	19	0	0	3	21	9718915	9718897	4.7	38.2
qpcr_backbone_s1_009_primer2	OU342941.1	100.000	19	0	0	3	21	18838217	18838199	4.7	38.2
qpcr_backbone_s1_009_primer2	OU342405.1	100.000	19	0	0	3	21	1897535	1897553	4.7	38.2
qpcr_backbone_s1_009_primer2	HG992285.1	100.000	19	0	0	2	20	4427625	4427607	4.7	38.2
qpcr_backbone_s1_009_primer2	LR990487.1	100.000	19	0	0	1	19	7861845	7861863	4.7	38.2
qpcr_backbone_s1_009_probe	LN055896.1	100.000	20	0	0	6	25	2575	2594	3.6	40.1
qpcr_backbone_s1_009_probe	KY497001.1	100.000	20	0	0	3	22	159	140	3.6	40.1
qpcr_backbone_s1_009_probe	LT629789.1	100.000	20	0	0	7	26	1763340	1763321	3.6	40.1
qpcr_backbone_s1_009_probe	CP024972.1	100.000	20	0	0	7	26	335149	335130	3.6	40.1
qpcr_backbone_s2_001_primer1	OU565296.1	100.000	20	0	0	3	22	1050508	1050489	1.2	40.1
qpcr_backbone_s2_001_primer1	OU452182.1	100.000	19	0	0	2	20	4423800	4423782	4.7	38.2
qpcr_backbone_s2_001_primer2	OW185636.1	100.000	20	0	0	4	23	15719172	15719153	1.2	40.1
qpcr_backbone_s2_001_primer2	XM_016560662.1	100.000	19	0	0	2	20	1429	1447	4.7	38.2
qpcr_backbone_s2_001_primer2	XM_016453590.1	100.000	19	0	0	2	20	1486	1504	4.7	38.2
qpcr_backbone_s2_001_primer2	XM_016290764.1	100.000	19	0	0	2	20	1479	1497	4.7	38.2
qpcr_backbone_s2_001_primer2	LN590718.1	100.000	19	0	0	2	20	13216090	13216108	4.7	38.2
qpcr_backbone_s2_001_primer2	XM_045417434.1	100.000	19	0	0	4	22	58	40	4.7	38.2
qpcr_backbone_s2_001_primer2	XM_019103645.2	100.000	19	0	0	2	20	1459	1477	4.7	38.2
qpcr_backbone_s2_001_probe	CP036226.1	96.000	25	1	0	5	29	829011	828987	1.2	42.1
qpcr_backbone_s2_004_primer2	LR990061.1	100.000	19	0	0	3	21	13965645	13965663	4.7	38.2
qpcr_backbone_s2_004_probe	AP019870.1	100.000	20	0	0	5	24	17508590	17508609	4.8	40.1
qpcr_backbone_s2_004_probe	OV702300.1	100.000	20	0	0	5	24	34790384	34790365	4.8	40.1
qpcr_backbone_s2_004_probe	OU342712.1	100.000	20	0	0	11	30	6932493	6932474	4.8	40.1
qpcr_backbone_s2_004_probe	OU026116.1	100.000	20	0	0	4	23	14031396	14031377	4.8	40.1
qpcr_backbone_s2_004_probe	LR990043.1	100.000	20	0	0	4	23	8494774	8494793	4.8	40.1
qpcr_backbone_s2_005_primer1	CP086717.1	100.000	19	0	0	1	19	20972	20990	4.7	38.2
qpcr_backbone_s2_005_primer1	OU744732.1	100.000	19	0	0	3	21	53159398	53159380	4.7	38.2
qpcr_backbone_s2_005_primer1	AL355602.11	100.000	19	0	0	3	21	95530	95512	4.7	38.2
qpcr_backbone_s2_005_primer2	XR_004068283.1	100.000	20	0	0	2	21	1860	1879	1.2	40.1
qpcr_backbone_s2_005_primer2	CP034500.1	100.000	20	0	0	2	21	37606924	37606943	1.2	40.1
qpcr_backbone_s2_005_primer2	NR_146912.1	100.000	20	0	0	2	21	1868	1887	1.2	40.1
qpcr_backbone_s2_005_primer2	CP068257.2	100.000	20	0	0	2	21	43967223	43967242	1.2	40.1
qpcr_backbone_s2_005_primer2	AP023481.1	100.000	20	0	0	2	21	43410429	43410448	1.2	40.1
qpcr_backbone_s2_005_primer2	BS000239.1	100.000	20	0	0	2	21	5501	5520	1.2	40.1
qpcr_backbone_s2_005_primer2	AL133493.3	100.000	20	0	0	2	21	95965	95984	1.2	40.1
qpcr_backbone_s2_005_primer2	AL163302.2	100.000	20	0	0	2	21	296200	296219	1.2	40.1
qpcr_backbone_s2_005_primer2	XM_033121069.1	100.000	19	0	0	1	19	2836	2854	4.7	38.2
qpcr_backbone_s2_005_primer2	XM_033121068.1	100.000	19	0	0	1	19	2842	2860	4.7	38.2
qpcr_backbone_s2_005_primer2	LR738416.1	100.000	19	0	0	1	19	67034961	67034943	4.7	38.2
qpcr_backbone_s2_005_primer2	CP046060.1	100.000	19	0	0	2	20	5096806	5096824	4.7	38.2
qpcr_backbone_s2_005_primer2	CP046061.1	100.000	19	0	0	2	20	5096602	5096620	4.7	38.2
qpcr_backbone_s2_005_primer2	CP035739.1	100.000	19	0	0	2	20	410307	410289	4.7	38.2
qpcr_backbone_s2_005_primer2	CP029090.1	100.000	19	0	0	2	20	2849754	2849772	4.7	38.2
qpcr_backbone_s2_005_primer2	XM_023515414.1	100.000	19	0	0	3	21	1312	1330	4.7	38.2
qpcr_backbone_s2_005_primer2	XM_019716199.1	100.000	19	0	0	1	19	2774	2792	4.7	38.2
qpcr_backbone_s2_005_primer2	XM_019716198.1	100.000	19	0	0	1	19	2780	2798	4.7	38.2
qpcr_backbone_s2_005_primer2	OM141125.1	100.000	19	0	0	2	20	38127	38145	4.7	38.2
qpcr_backbone_s2_005_primer2	CP092032.1	100.000	19	0	0	2	20	928906	928924	4.7	38.2
qpcr_backbone_s2_005_primer2	OV277454.1	100.000	19	0	0	1	19	65936829	65936811	4.7	38.2
qpcr_backbone_s2_005_primer2	LR962877.1	100.000	19	0	0	3	21	45448212	45448230	4.7	38.2
qpcr_backbone_s2_005_primer2	LR962752.1	100.000	19	0	0	3	21	25018216	25018198	4.7	38.2
qpcr_backbone_s2_005_primer2	CP081202.1	100.000	19	0	0	2	20	187141	187159	4.7	38.2
qpcr_backbone_s2_005_primer2	HQ711985.1	100.000	19	0	0	2	20	42166	42148	4.7	38.2
qpcr_backbone_s2_005_primer2	AF165214.2	100.000	19	0	0	2	20	45581	45563	4.7	38.2
qpcr_backbone_s2_005_probe	CP041690.1	100.000	20	0	0	2	21	2709483	2709502	4.8	40.1
qpcr_backbone_s2_005_probe	CP022584.1	100.000	20	0	0	9	28	2276272	2276291	4.8	40.1
qpcr_backbone_s2_005_probe	CP011300.1	100.000	20	0	0	2	21	1944622	1944641	4.8	40.1
qpcr_backbone_s2_005_probe	LK065246.1	100.000	20	0	0	5	24	973223	973242	4.8	40.1
qpcr_backbone_s2_005_probe	XM_010532233.1	100.000	20	0	0	5	24	732	751	4.8	40.1
qpcr_backbone_s2_005_probe	CP079748.1	100.000	20	0	0	5	24	3218750	3218769	4.8	40.1
qpcr_backbone_s2_007_primer1	CP013108.1	100.000	19	0	0	2	20	148026	148044	4.7	38.2
qpcr_backbone_s2_007_primer1	CP069121.1	100.000	19	0	0	2	20	958884	958902	4.7	38.2
qpcr_backbone_s2_007_primer1	CP069116.1	100.000	19	0	0	2	20	1080457	1080475	4.7	38.2
qpcr_backbone_s2_007_primer2	KJ094600.1	100.000	19	0	0	1	19	1386	1368	4.7	38.2
qpcr_backbone_s2_007_primer2	KJ094599.1	100.000	19	0	0	1	19	1385	1367	4.7	38.2
qpcr_backbone_s2_007_primer2	JX193799.1	100.000	19	0	0	1	19	108	90	4.7	38.2
qpcr_backbone_s2_007_primer2	KC741192.1	100.000	19	0	0	1	19	211	193	4.7	38.2
qpcr_backbone_s2_007_primer2	KC741191.1	100.000	19	0	0	1	19	168	150	4.7	38.2
qpcr_backbone_s2_007_primer2	JN133304.1	100.000	19	0	0	1	19	1353	1335	4.7	38.2
qpcr_backbone_s2_007_primer2	GQ404933.1	100.000	19	0	0	1	19	221	203	4.7	38.2
qpcr_backbone_s2_007_primer2	GQ404931.1	100.000	19	0	0	1	19	209	191	4.7	38.2
qpcr_backbone_s2_007_primer2	GQ404928.1	100.000	19	0	0	1	19	167	149	4.7	38.2
qpcr_backbone_s2_007_primer2	GQ404927.1	100.000	19	0	0	1	19	183	165	4.7	38.2
qpcr_backbone_s2_007_primer2	GQ404918.1	100.000	19	0	0	1	19	244	226	4.7	38.2
qpcr_backbone_s2_007_primer2	GU938303.1	100.000	19	0	0	1	19	108	90	4.7	38.2
qpcr_backbone_s2_007_primer2	EU420015.1	100.000	19	0	0	1	19	1037	1019	4.7	38.2
qpcr_backbone_s2_007_primer2	MN052976.1	100.000	19	0	0	1	19	383	401	4.7	38.2
qpcr_backbone_s2_007_primer2	MN052975.1	100.000	19	0	0	1	19	383	401	4.7	38.2
qpcr_backbone_s2_007_primer2	MN052974.1	100.000	19	0	0	1	19	383	401	4.7	38.2
qpcr_backbone_s2_007_primer2	MH920588.1	100.000	19	0	0	1	19	383	401	4.7	38.2
qpcr_backbone_s2_007_primer2	MH920582.1	100.000	19	0	0	1	19	383	401	4.7	38.2
qpcr_backbone_s2_007_primer2	MH920569.1	100.000	19	0	0	1	19	383	401	4.7	38.2
qpcr_backbone_s2_007_primer2	MK504410.1	100.000	19	0	0	1	19	383	401	4.7	38.2
qpcr_backbone_s2_007_primer2	MK504405.1	100.000	19	0	0	1	19	383	401	4.7	38.2
qpcr_backbone_s2_007_primer2	MK504403.1	100.000	19	0	0	1	19	383	401	4.7	38.2
qpcr_backbone_s2_007_primer2	MK504387.1	100.000	19	0	0	1	19	383	401	4.7	38.2
qpcr_backbone_s2_007_primer2	MK504384.1	100.000	19	0	0	1	19	383	401	4.7	38.2
qpcr_backbone_s2_007_primer2	MK604486.1	100.000	19	0	0	1	19	383	401	4.7	38.2
qpcr_backbone_s2_007_primer2	MN400446.1	100.000	19	0	0	1	19	730	748	4.7	38.2
qpcr_backbone_s2_007_primer2	LR697113.1	100.000	19	0	0	4	22	35650192	35650210	4.7	38.2
qpcr_backbone_s2_007_primer2	MK405701.1	100.000	19	0	0	1	19	383	401	4.7	38.2
qpcr_backbone_s2_007_primer2	MH465452.1	100.000	19	0	0	1	19	383	401	4.7	38.2
qpcr_backbone_s2_007_primer2	MH465432.1	100.000	19	0	0	1	19	383	401	4.7	38.2
qpcr_backbone_s2_007_primer2	MH465419.1	100.000	19	0	0	1	19	383	401	4.7	38.2
qpcr_backbone_s2_007_primer2	MH465415.1	100.000	19	0	0	1	19	383	401	4.7	38.2
qpcr_backbone_s2_007_primer2	MH465409.1	100.000	19	0	0	1	19	383	401	4.7	38.2
qpcr_backbone_s2_007_primer2	MH379265.1	100.000	19	0	0	1	19	383	401	4.7	38.2
qpcr_backbone_s2_007_primer2	MH379264.1	100.000	19	0	0	1	19	383	401	4.7	38.2
qpcr_backbone_s2_007_primer2	MH379263.1	100.000	19	0	0	1	19	383	401	4.7	38.2
qpcr_backbone_s2_007_primer2	MH645914.1	100.000	19	0	0	1	19	383	401	4.7	38.2
qpcr_backbone_s2_007_primer2	MG732821.1	100.000	19	0	0	1	19	383	401	4.7	38.2
qpcr_backbone_s2_007_primer2	MG732820.1	100.000	19	0	0	1	19	383	401	4.7	38.2
qpcr_backbone_s2_007_primer2	MG732815.1	100.000	19	0	0	1	19	383	401	4.7	38.2
qpcr_backbone_s2_007_primer2	MG732808.1	100.000	19	0	0	1	19	383	401	4.7	38.2
qpcr_backbone_s2_007_primer2	MH351271.1	100.000	19	0	0	1	19	730	748	4.7	38.2
qpcr_backbone_s2_007_primer2	MH351270.1	100.000	19	0	0	1	19	730	748	4.7	38.2
qpcr_backbone_s2_007_primer2	MF150187.1	100.000	19	0	0	1	19	383	401	4.7	38.2
qpcr_backbone_s2_007_primer2	MF150184.1	100.000	19	0	0	1	19	383	401	4.7	38.2
qpcr_backbone_s2_007_primer2	MF150183.1	100.000	19	0	0	1	19	383	401	4.7	38.2
qpcr_backbone_s2_007_primer2	MF150182.1	100.000	19	0	0	1	19	383	401	4.7	38.2
qpcr_backbone_s2_007_primer2	MF326365.1	100.000	19	0	0	1	19	383	401	4.7	38.2
qpcr_backbone_s2_007_primer2	KY810323.1	100.000	19	0	0	1	19	383	401	4.7	38.2
qpcr_backbone_s2_007_primer2	KY810319.1	100.000	19	0	0	1	19	383	401	4.7	38.2
qpcr_backbone_s2_007_primer2	KP420201.1	100.000	19	0	0	1	19	383	401	4.7	38.2
qpcr_backbone_s2_007_primer2	KP420200.1	100.000	19	0	0	1	19	383	401	4.7	38.2
qpcr_backbone_s2_007_primer2	KP420198.1	100.000	19	0	0	1	19	383	401	4.7	38.2
qpcr_backbone_s2_007_primer2	KP420196.1	100.000	19	0	0	1	19	383	401	4.7	38.2
qpcr_backbone_s2_007_primer2	KP420195.1	100.000	19	0	0	1	19	383	401	4.7	38.2
qpcr_backbone_s2_007_primer2	KP420193.1	100.000	19	0	0	1	19	383	401	4.7	38.2
qpcr_backbone_s2_007_primer2	KP420192.1	100.000	19	0	0	1	19	383	401	4.7	38.2
qpcr_backbone_s2_007_primer2	KP420188.1	100.000	19	0	0	1	19	383	401	4.7	38.2
qpcr_backbone_s2_007_primer2	KP420182.1	100.000	19	0	0	1	19	383	401	4.7	38.2
qpcr_backbone_s2_007_primer2	KP420181.1	100.000	19	0	0	1	19	383	401	4.7	38.2
qpcr_backbone_s2_007_primer2	KY440166.1	100.000	19	0	0	1	19	383	401	4.7	38.2
qpcr_backbone_s2_007_primer2	KY440165.1	100.000	19	0	0	1	19	383	401	4.7	38.2
qpcr_backbone_s2_007_primer2	MF926252.1	100.000	19	0	0	1	19	383	401	4.7	38.2
qpcr_backbone_s2_007_primer2	KY084478.1	100.000	19	0	0	1	19	383	401	4.7	38.2
qpcr_backbone_s2_007_primer2	MF616441.1	100.000	19	0	0	1	19	253	271	4.7	38.2
qpcr_backbone_s2_007_primer2	MF616432.1	100.000	19	0	0	1	19	383	401	4.7	38.2
qpcr_backbone_s2_007_primer2	MF616415.1	100.000	19	0	0	1	19	383	401	4.7	38.2
qpcr_backbone_s2_007_primer2	MF616414.1	100.000	19	0	0	1	19	383	401	4.7	38.2
qpcr_backbone_s2_007_primer2	MF616413.1	100.000	19	0	0	1	19	383	401	4.7	38.2
qpcr_backbone_s2_007_primer2	MF142273.1	100.000	19	0	0	1	19	383	401	4.7	38.2
qpcr_backbone_s2_007_primer2	MF142272.1	100.000	19	0	0	1	19	383	401	4.7	38.2
qpcr_backbone_s2_007_primer2	MF142271.1	100.000	19	0	0	1	19	383	401	4.7	38.2
qpcr_backbone_s2_007_primer2	MF142270.1	100.000	19	0	0	1	19	383	401	4.7	38.2
qpcr_backbone_s2_007_primer2	MF142269.1	100.000	19	0	0	1	19	383	401	4.7	38.2
qpcr_backbone_s2_007_primer2	KY659551.1	100.000	19	0	0	1	19	383	401	4.7	38.2
qpcr_backbone_s2_007_primer2	KX867821.1	100.000	19	0	0	1	19	383	401	4.7	38.2
qpcr_backbone_s2_007_primer2	KX981602.1	100.000	19	0	0	1	19	383	401	4.7	38.2
qpcr_backbone_s2_007_primer2	KY388478.1	100.000	19	0	0	1	19	383	401	4.7	38.2
qpcr_backbone_s2_007_primer2	KY388476.1	100.000	19	0	0	1	19	383	401	4.7	38.2
qpcr_backbone_s2_007_primer2	KY388474.1	100.000	19	0	0	1	19	383	401	4.7	38.2
qpcr_backbone_s2_007_primer2	KY388472.1	100.000	19	0	0	1	19	383	401	4.7	38.2
qpcr_backbone_s2_007_primer2	KY388470.1	100.000	19	0	0	1	19	383	401	4.7	38.2
qpcr_backbone_s2_007_primer2	KY388468.1	100.000	19	0	0	1	19	383	401	4.7	38.2
qpcr_backbone_s2_007_primer2	KX826908.1	100.000	19	0	0	1	19	383	401	4.7	38.2
qpcr_backbone_s2_007_primer2	KX009481.1	100.000	19	0	0	1	19	383	401	4.7	38.2
qpcr_backbone_s2_007_primer2	KX009480.1	100.000	19	0	0	1	19	383	401	4.7	38.2
qpcr_backbone_s2_007_primer2	KX828232.1	100.000	19	0	0	1	19	383	401	4.7	38.2
qpcr_backbone_s2_007_primer2	KX828222.1	100.000	19	0	0	1	19	383	401	4.7	38.2
qpcr_backbone_s2_007_primer2	KT336604.1	100.000	19	0	0	1	19	383	401	4.7	38.2
qpcr_backbone_s2_007_primer2	KX161691.1	100.000	19	0	0	1	19	383	401	4.7	38.2
qpcr_backbone_s2_007_primer2	KX068222.1	100.000	19	0	0	1	19	383	401	4.7	38.2
qpcr_backbone_s2_007_primer2	KM042411.1	100.000	19	0	0	1	19	1045	1063	4.7	38.2
qpcr_backbone_s2_007_primer2	KM042399.1	100.000	19	0	0	1	19	383	401	4.7	38.2
qpcr_backbone_s2_007_primer2	KT369069.1	100.000	19	0	0	1	19	383	401	4.7	38.2
qpcr_backbone_s2_007_primer2	KT224524.1	100.000	19	0	0	1	19	21	39	4.7	38.2
qpcr_backbone_s2_007_primer2	KT224523.1	100.000	19	0	0	1	19	21	39	4.7	38.2
qpcr_backbone_s2_007_primer2	KT224516.1	100.000	19	0	0	1	19	21	39	4.7	38.2
qpcr_backbone_s2_007_primer2	KT224514.1	100.000	19	0	0	1	19	21	39	4.7	38.2
qpcr_backbone_s2_007_primer2	KT216674.1	100.000	19	0	0	1	19	383	401	4.7	38.2
qpcr_backbone_s2_007_primer2	KT216673.1	100.000	19	0	0	1	19	383	401	4.7	38.2
qpcr_backbone_s2_007_primer2	KT216672.1	100.000	19	0	0	1	19	383	401	4.7	38.2
qpcr_backbone_s2_007_primer2	KT026095.1	100.000	19	0	0	1	19	43	61	4.7	38.2
qpcr_backbone_s2_007_primer2	KR816332.1	100.000	19	0	0	1	19	1153	1171	4.7	38.2
qpcr_backbone_s2_007_primer2	KP081556.1	100.000	19	0	0	1	19	383	401	4.7	38.2
qpcr_backbone_s2_007_primer2	KP081555.1	100.000	19	0	0	1	19	383	401	4.7	38.2
qpcr_backbone_s2_007_primer2	KP081551.1	100.000	19	0	0	1	19	383	401	4.7	38.2
qpcr_backbone_s2_007_primer2	KP081547.1	100.000	19	0	0	1	19	383	401	4.7	38.2
qpcr_backbone_s2_007_primer2	KP081545.1	100.000	19	0	0	1	19	383	401	4.7	38.2
qpcr_backbone_s2_007_primer2	KP081544.1	100.000	19	0	0	1	19	383	401	4.7	38.2
qpcr_backbone_s2_007_primer2	KP081543.1	100.000	19	0	0	1	19	383	401	4.7	38.2
qpcr_backbone_s2_007_primer2	KP081541.1	100.000	19	0	0	1	19	383	401	4.7	38.2
qpcr_backbone_s2_007_primer2	KP231172.1	100.000	19	0	0	1	19	274	292	4.7	38.2
qpcr_backbone_s2_007_primer2	KP231164.1	100.000	19	0	0	1	19	383	401	4.7	38.2
qpcr_backbone_s2_007_primer2	KP231154.1	100.000	19	0	0	1	19	383	401	4.7	38.2
qpcr_backbone_s2_007_primer2	KP231137.1	100.000	19	0	0	1	19	383	401	4.7	38.2
qpcr_backbone_s2_007_primer2	KP231135.1	100.000	19	0	0	1	19	383	401	4.7	38.2
qpcr_backbone_s2_007_primer2	KP231130.1	100.000	19	0	0	1	19	383	401	4.7	38.2
qpcr_backbone_s2_007_primer2	KP231129.1	100.000	19	0	0	1	19	383	401	4.7	38.2
qpcr_backbone_s2_007_primer2	KP231128.1	100.000	19	0	0	1	19	383	401	4.7	38.2
qpcr_backbone_s2_007_primer2	KP231116.1	100.000	19	0	0	1	19	383	401	4.7	38.2
qpcr_backbone_s2_007_primer2	KP231115.1	100.000	19	0	0	1	19	383	401	4.7	38.2
qpcr_backbone_s2_007_primer2	KM880083.1	100.000	19	0	0	1	19	383	401	4.7	38.2
qpcr_backbone_s2_007_primer2	KM624032.1	100.000	19	0	0	1	19	383	401	4.7	38.2
qpcr_backbone_s2_007_primer2	KM624031.1	100.000	19	0	0	1	19	383	401	4.7	38.2
qpcr_backbone_s2_007_primer2	KM624030.1	100.000	19	0	0	1	19	383	401	4.7	38.2
qpcr_backbone_s2_007_primer2	KM604667.1	100.000	19	0	0	1	19	383	401	4.7	38.2
qpcr_backbone_s2_007_primer2	KM604666.1	100.000	19	0	0	1	19	383	401	4.7	38.2
qpcr_backbone_s2_007_primer2	KM035761.1	100.000	19	0	0	1	19	383	401	4.7	38.2
qpcr_backbone_s2_007_primer2	KJ920205.1	100.000	19	0	0	1	19	383	401	4.7	38.2
qpcr_backbone_s2_007_primer2	KJ778680.1	100.000	19	0	0	1	19	383	401	4.7	38.2
qpcr_backbone_s2_007_primer2	KJ778679.1	100.000	19	0	0	1	19	383	401	4.7	38.2
qpcr_backbone_s2_007_primer2	KC924956.1	100.000	19	0	0	1	19	383	401	4.7	38.2
qpcr_backbone_s2_007_primer2	MZ511696.1	100.000	19	0	0	1	19	383	401	4.7	38.2
qpcr_backbone_s2_007_primer2	OU824206.1	100.000	19	0	0	3	21	1841412	1841430	4.7	38.2
qpcr_backbone_s2_007_primer2	KJ128273.1	100.000	19	0	0	1	19	1153	1171	4.7	38.2
qpcr_backbone_s2_007_primer2	KJ128272.1	100.000	19	0	0	1	19	1153	1171	4.7	38.2
qpcr_backbone_s2_007_primer2	KJ128269.1	100.000	19	0	0	1	19	1153	1171	4.7	38.2
qpcr_backbone_s2_007_primer2	AP024644.1	100.000	19	0	0	3	21	2923505	2923523	4.7	38.2
qpcr_backbone_s2_007_primer2	KF742546.1	100.000	19	0	0	1	19	383	401	4.7	38.2
qpcr_backbone_s2_007_primer2	KF742541.1	100.000	19	0	0	1	19	383	401	4.7	38.2
qpcr_backbone_s2_007_primer2	KF871068.1	100.000	19	0	0	1	19	383	401	4.7	38.2
qpcr_backbone_s2_007_primer2	KF374705.1	100.000	19	0	0	1	19	383	401	4.7	38.2
qpcr_backbone_s2_007_primer2	MT543020.1	100.000	19	0	0	1	19	383	401	4.7	38.2
qpcr_backbone_s2_007_primer2	MT543019.1	100.000	19	0	0	1	19	383	401	4.7	38.2
qpcr_backbone_s2_007_primer2	MT543018.1	100.000	19	0	0	1	19	383	401	4.7	38.2
qpcr_backbone_s2_007_primer2	MT543017.1	100.000	19	0	0	1	19	383	401	4.7	38.2
qpcr_backbone_s2_007_primer2	MT543003.1	100.000	19	0	0	1	19	383	401	4.7	38.2
qpcr_backbone_s2_007_primer2	MT543001.1	100.000	19	0	0	1	19	383	401	4.7	38.2
qpcr_backbone_s2_007_primer2	MT542996.1	100.000	19	0	0	1	19	383	401	4.7	38.2
qpcr_backbone_s2_007_primer2	MT542989.1	100.000	19	0	0	1	19	383	401	4.7	38.2
qpcr_backbone_s2_007_primer2	KC688420.1	100.000	19	0	0	1	19	333	351	4.7	38.2
qpcr_backbone_s2_007_primer2	KP016747.2	100.000	19	0	0	1	19	383	401	4.7	38.2
qpcr_backbone_s2_007_primer2	MT302504.1	100.000	19	0	0	1	19	383	401	4.7	38.2
qpcr_backbone_s2_007_primer2	MT302502.1	100.000	19	0	0	1	19	383	401	4.7	38.2
qpcr_backbone_s2_007_primer2	MT302501.1	100.000	19	0	0	1	19	383	401	4.7	38.2
qpcr_backbone_s2_007_primer2	MT302499.1	100.000	19	0	0	1	19	383	401	4.7	38.2
qpcr_backbone_s2_007_primer2	MT302498.1	100.000	19	0	0	1	19	383	401	4.7	38.2
qpcr_backbone_s2_007_primer2	MT302475.1	100.000	19	0	0	1	19	383	401	4.7	38.2
qpcr_backbone_s2_007_primer2	MT302457.1	100.000	19	0	0	1	19	383	401	4.7	38.2
qpcr_backbone_s2_007_primer2	KC835197.1	100.000	19	0	0	1	19	349	367	4.7	38.2
qpcr_backbone_s2_007_primer2	KC835196.1	100.000	19	0	0	1	19	349	367	4.7	38.2
qpcr_backbone_s2_007_primer2	KC835193.1	100.000	19	0	0	1	19	383	401	4.7	38.2
qpcr_backbone_s2_007_primer2	KC835192.1	100.000	19	0	0	1	19	383	401	4.7	38.2
qpcr_backbone_s2_007_primer2	KC835190.1	100.000	19	0	0	1	19	383	401	4.7	38.2
qpcr_backbone_s2_007_primer2	MT814850.1	100.000	19	0	0	1	19	383	401	4.7	38.2
qpcr_backbone_s2_007_primer2	MT814849.1	100.000	19	0	0	1	19	383	401	4.7	38.2
qpcr_backbone_s2_007_primer2	MT185102.1	100.000	19	0	0	1	19	383	401	4.7	38.2
qpcr_backbone_s2_007_primer2	MT185100.1	100.000	19	0	0	1	19	383	401	4.7	38.2
qpcr_backbone_s2_007_primer2	MT185099.1	100.000	19	0	0	1	19	383	401	4.7	38.2
qpcr_backbone_s2_007_primer2	MT185097.1	100.000	19	0	0	1	19	383	401	4.7	38.2
qpcr_backbone_s2_007_primer2	MT185096.1	100.000	19	0	0	1	19	383	401	4.7	38.2
qpcr_backbone_s2_007_primer2	MT185076.1	100.000	19	0	0	1	19	383	401	4.7	38.2
qpcr_backbone_s2_007_primer2	MT185058.1	100.000	19	0	0	1	19	383	401	4.7	38.2
qpcr_backbone_s2_007_primer2	JX512860.1	100.000	19	0	0	1	19	731	749	4.7	38.2
qpcr_backbone_s2_007_primer2	JX512859.1	100.000	19	0	0	1	19	731	749	4.7	38.2
qpcr_backbone_s2_007_primer2	JX512857.1	100.000	19	0	0	1	19	731	749	4.7	38.2
qpcr_backbone_s2_007_primer2	JX512855.1	100.000	19	0	0	1	19	731	749	4.7	38.2
qpcr_backbone_s2_007_primer2	KC261601.1	100.000	19	0	0	1	19	383	401	4.7	38.2
qpcr_backbone_s2_007_primer2	KC261600.1	100.000	19	0	0	1	19	383	401	4.7	38.2
qpcr_backbone_s2_007_primer2	JX948769.1	100.000	19	0	0	1	19	383	401	4.7	38.2
qpcr_backbone_s2_007_primer2	HQ202965.1	100.000	19	0	0	1	19	383	401	4.7	38.2
qpcr_backbone_s2_007_primer2	HQ202964.1	100.000	19	0	0	1	19	383	401	4.7	38.2
qpcr_backbone_s2_007_primer2	HQ202962.1	100.000	19	0	0	1	19	383	401	4.7	38.2
qpcr_backbone_s2_007_primer2	HQ202961.1	100.000	19	0	0	1	19	383	401	4.7	38.2
qpcr_backbone_s2_007_primer2	HQ202960.1	100.000	19	0	0	1	19	383	401	4.7	38.2
qpcr_backbone_s2_007_primer2	HQ202959.1	100.000	19	0	0	1	19	383	401	4.7	38.2
qpcr_backbone_s2_007_primer2	HQ202958.1	100.000	19	0	0	1	19	383	401	4.7	38.2
qpcr_backbone_s2_007_primer2	HQ202957.1	100.000	19	0	0	1	19	383	401	4.7	38.2
qpcr_backbone_s2_007_primer2	HQ202956.1	100.000	19	0	0	1	19	383	401	4.7	38.2
qpcr_backbone_s2_007_primer2	HQ202955.1	100.000	19	0	0	1	19	383	401	4.7	38.2
qpcr_backbone_s2_007_primer2	HQ202953.1	100.000	19	0	0	1	19	383	401	4.7	38.2
qpcr_backbone_s2_007_primer2	JX912914.1	100.000	19	0	0	1	19	383	401	4.7	38.2
qpcr_backbone_s2_007_primer2	JQ181601.1	100.000	19	0	0	1	19	383	401	4.7	38.2
qpcr_backbone_s2_007_primer2	JQ181595.1	100.000	19	0	0	1	19	383	401	4.7	38.2
qpcr_backbone_s2_007_primer2	JQ181591.1	100.000	19	0	0	1	19	383	401	4.7	38.2
qpcr_backbone_s2_007_primer2	JQ181590.1	100.000	19	0	0	1	19	383	401	4.7	38.2
qpcr_backbone_s2_007_primer2	HF542107.1	100.000	19	0	0	1	19	383	401	4.7	38.2
qpcr_backbone_s2_007_primer2	JQ994268.1	100.000	19	0	0	1	19	383	401	4.7	38.2
qpcr_backbone_s2_007_primer2	MT498565.1	100.000	19	0	0	1	19	333	351	4.7	38.2
qpcr_backbone_s2_007_primer2	MT498560.1	100.000	19	0	0	1	19	333	351	4.7	38.2
qpcr_backbone_s2_007_primer2	MT498559.1	100.000	19	0	0	1	19	333	351	4.7	38.2
qpcr_backbone_s2_007_primer2	MT951192.1	100.000	19	0	0	1	19	383	401	4.7	38.2
qpcr_backbone_s2_007_primer2	JQ955679.1	100.000	19	0	0	1	19	383	401	4.7	38.2
qpcr_backbone_s2_007_primer2	JQ692110.1	100.000	19	0	0	1	19	383	401	4.7	38.2
qpcr_backbone_s2_007_primer2	JQ002672.1	100.000	19	0	0	1	19	383	401	4.7	38.2
qpcr_backbone_s2_007_primer2	JN388690.1	100.000	19	0	0	1	19	731	749	4.7	38.2
qpcr_backbone_s2_007_primer2	HM776451.1	100.000	19	0	0	1	19	383	401	4.7	38.2
qpcr_backbone_s2_007_primer2	MN735212.1	100.000	19	0	0	1	19	383	401	4.7	38.2
qpcr_backbone_s2_007_primer2	MN735209.1	100.000	19	0	0	1	19	383	401	4.7	38.2
qpcr_backbone_s2_007_primer2	MN735207.1	100.000	19	0	0	1	19	383	401	4.7	38.2
qpcr_backbone_s2_007_primer2	MN735206.1	100.000	19	0	0	1	19	383	401	4.7	38.2
qpcr_backbone_s2_007_primer2	MN935183.1	100.000	19	0	0	1	19	383	401	4.7	38.2
qpcr_backbone_s2_007_primer2	MN935182.1	100.000	19	0	0	1	19	383	401	4.7	38.2
qpcr_backbone_s2_007_primer2	MN935181.1	100.000	19	0	0	1	19	383	401	4.7	38.2
qpcr_backbone_s2_007_primer2	MN935180.1	100.000	19	0	0	1	19	383	401	4.7	38.2
qpcr_backbone_s2_007_primer2	MN935179.1	100.000	19	0	0	1	19	383	401	4.7	38.2
qpcr_backbone_s2_007_primer2	MN935178.1	100.000	19	0	0	1	19	383	401	4.7	38.2
qpcr_backbone_s2_007_primer2	MN935177.1	100.000	19	0	0	1	19	383	401	4.7	38.2
qpcr_backbone_s2_007_primer2	MN935176.1	100.000	19	0	0	1	19	383	401	4.7	38.2
qpcr_backbone_s2_007_primer2	MN935174.1	100.000	19	0	0	1	19	383	401	4.7	38.2
qpcr_backbone_s2_007_primer2	MN935173.1	100.000	19	0	0	1	19	383	401	4.7	38.2
qpcr_backbone_s2_007_primer2	MN935172.1	100.000	19	0	0	1	19	383	401	4.7	38.2
qpcr_backbone_s2_007_primer2	MN935171.1	100.000	19	0	0	1	19	383	401	4.7	38.2
qpcr_backbone_s2_007_primer2	MN935170.1	100.000	19	0	0	1	19	383	401	4.7	38.2
qpcr_backbone_s2_007_primer2	MN935169.1	100.000	19	0	0	1	19	383	401	4.7	38.2
qpcr_backbone_s2_007_primer2	MN935168.1	100.000	19	0	0	1	19	383	401	4.7	38.2
qpcr_backbone_s2_007_primer2	MN935167.1	100.000	19	0	0	1	19	383	401	4.7	38.2
qpcr_backbone_s2_007_primer2	HQ395034.1	100.000	19	0	0	1	19	383	401	4.7	38.2
qpcr_backbone_s2_007_primer2	HQ231329.1	100.000	19	0	0	1	19	383	401	4.7	38.2
qpcr_backbone_s2_007_primer2	HQ231328.1	100.000	19	0	0	1	19	383	401	4.7	38.2
qpcr_backbone_s2_007_primer2	JF682794.1	100.000	19	0	0	1	19	383	401	4.7	38.2
qpcr_backbone_s2_007_primer2	JF317589.1	100.000	19	0	0	1	19	383	401	4.7	38.2
qpcr_backbone_s2_007_primer2	JF317588.1	100.000	19	0	0	1	19	383	401	4.7	38.2
qpcr_backbone_s2_007_primer2	JF317585.1	100.000	19	0	0	1	19	383	401	4.7	38.2
qpcr_backbone_s2_007_primer2	JF317580.1	100.000	19	0	0	1	19	383	401	4.7	38.2
qpcr_backbone_s2_007_primer2	JF317579.1	100.000	19	0	0	1	19	383	401	4.7	38.2
qpcr_backbone_s2_007_primer2	JF317576.1	100.000	19	0	0	1	19	383	401	4.7	38.2
qpcr_backbone_s2_007_primer2	JF317575.1	100.000	19	0	0	1	19	383	401	4.7	38.2
qpcr_backbone_s2_007_primer2	JF317574.1	100.000	19	0	0	1	19	383	401	4.7	38.2
qpcr_backbone_s2_007_primer2	JF317573.1	100.000	19	0	0	1	19	383	401	4.7	38.2
qpcr_backbone_s2_007_primer2	JF317569.1	100.000	19	0	0	1	19	383	401	4.7	38.2
qpcr_backbone_s2_007_primer2	JF317571.1	100.000	19	0	0	1	19	383	401	4.7	38.2
qpcr_backbone_s2_007_primer2	JF317570.1	100.000	19	0	0	1	19	383	401	4.7	38.2
qpcr_backbone_s2_007_primer2	JF317565.1	100.000	19	0	0	1	19	383	401	4.7	38.2
qpcr_backbone_s2_007_primer2	JF290418.1	100.000	19	0	0	1	19	383	401	4.7	38.2
qpcr_backbone_s2_007_primer2	HQ591380.1	100.000	19	0	0	1	19	383	401	4.7	38.2
qpcr_backbone_s2_007_primer2	HQ591378.1	100.000	19	0	0	1	19	383	401	4.7	38.2
qpcr_backbone_s2_007_primer2	HQ591377.1	100.000	19	0	0	1	19	383	401	4.7	38.2
qpcr_backbone_s2_007_primer2	HQ591376.1	100.000	19	0	0	1	19	383	401	4.7	38.2
qpcr_backbone_s2_007_primer2	HQ591375.1	100.000	19	0	0	1	19	383	401	4.7	38.2
qpcr_backbone_s2_007_primer2	HQ591373.1	100.000	19	0	0	1	19	383	401	4.7	38.2
qpcr_backbone_s2_007_primer2	HQ591371.1	100.000	19	0	0	1	19	383	401	4.7	38.2
qpcr_backbone_s2_007_primer2	HQ591370.1	100.000	19	0	0	1	19	383	401	4.7	38.2
qpcr_backbone_s2_007_primer2	HQ591369.1	100.000	19	0	0	1	19	383	401	4.7	38.2
qpcr_backbone_s2_007_primer2	HQ591368.1	100.000	19	0	0	1	19	383	401	4.7	38.2
qpcr_backbone_s2_007_primer2	HQ591365.1	100.000	19	0	0	1	19	383	401	4.7	38.2
qpcr_backbone_s2_007_primer2	HQ713495.1	100.000	19	0	0	1	19	383	401	4.7	38.2
qpcr_backbone_s2_007_primer2	HQ831540.1	100.000	19	0	0	1	19	383	401	4.7	38.2
qpcr_backbone_s2_007_primer2	HQ831538.1	100.000	19	0	0	1	19	383	401	4.7	38.2
qpcr_backbone_s2_007_primer2	HQ831537.1	100.000	19	0	0	1	19	383	401	4.7	38.2
qpcr_backbone_s2_007_primer2	HQ831535.1	100.000	19	0	0	1	19	383	401	4.7	38.2
qpcr_backbone_s2_007_primer2	HQ831534.1	100.000	19	0	0	1	19	383	401	4.7	38.2
qpcr_backbone_s2_007_primer2	HQ831531.1	100.000	19	0	0	1	19	383	401	4.7	38.2
qpcr_backbone_s2_007_primer2	HQ831529.1	100.000	19	0	0	1	19	383	401	4.7	38.2
qpcr_backbone_s2_007_primer2	HQ831527.1	100.000	19	0	0	1	19	383	401	4.7	38.2
qpcr_backbone_s2_007_primer2	HQ831526.1	100.000	19	0	0	1	19	383	401	4.7	38.2
qpcr_backbone_s2_007_primer2	HQ831525.1	100.000	19	0	0	1	19	383	401	4.7	38.2
qpcr_backbone_s2_007_primer2	HQ831524.1	100.000	19	0	0	1	19	383	401	4.7	38.2
qpcr_backbone_s2_007_primer2	HQ831523.1	100.000	19	0	0	1	19	383	401	4.7	38.2
qpcr_backbone_s2_007_primer2	HQ831521.1	100.000	19	0	0	1	19	383	401	4.7	38.2
qpcr_backbone_s2_007_primer2	HQ378161.1	100.000	19	0	0	1	19	383	401	4.7	38.2
qpcr_backbone_s2_007_primer2	HQ378160.1	100.000	19	0	0	1	19	383	401	4.7	38.2
qpcr_backbone_s2_007_primer2	HQ839728.1	100.000	19	0	0	1	19	163	181	4.7	38.2
qpcr_backbone_s2_007_primer2	HQ839720.1	100.000	19	0	0	1	19	161	179	4.7	38.2
qpcr_backbone_s2_007_primer2	HQ839719.1	100.000	19	0	0	1	19	162	180	4.7	38.2
qpcr_backbone_s2_007_primer2	HQ839718.1	100.000	19	0	0	1	19	161	179	4.7	38.2
qpcr_backbone_s2_007_primer2	HQ839716.1	100.000	19	0	0	1	19	162	180	4.7	38.2
qpcr_backbone_s2_007_primer2	HQ839714.1	100.000	19	0	0	1	19	159	177	4.7	38.2
qpcr_backbone_s2_007_primer2	HQ738640.1	100.000	19	0	0	1	19	333	351	4.7	38.2
qpcr_backbone_s2_007_primer2	HQ738639.1	100.000	19	0	0	1	19	333	351	4.7	38.2
qpcr_backbone_s2_007_primer2	HM623764.1	100.000	19	0	0	1	19	383	401	4.7	38.2
qpcr_backbone_s2_007_primer2	GU799576.1	100.000	19	0	0	1	19	1153	1171	4.7	38.2
qpcr_backbone_s2_007_primer2	GU049341.1	100.000	19	0	0	1	19	383	401	4.7	38.2
qpcr_backbone_s2_007_primer2	HM641752.1	100.000	19	0	0	1	19	383	401	4.7	38.2
qpcr_backbone_s2_007_primer2	HM009338.1	100.000	19	0	0	1	19	383	401	4.7	38.2
qpcr_backbone_s2_007_primer2	HM009336.1	100.000	19	0	0	1	19	383	401	4.7	38.2
qpcr_backbone_s2_007_primer2	HM038032.1	100.000	19	0	0	1	19	383	401	4.7	38.2
qpcr_backbone_s2_007_primer2	HM038028.1	100.000	19	0	0	1	19	383	401	4.7	38.2
qpcr_backbone_s2_007_primer2	HM038027.1	100.000	19	0	0	1	19	383	401	4.7	38.2
qpcr_backbone_s2_007_primer2	HM038024.1	100.000	19	0	0	1	19	383	401	4.7	38.2
qpcr_backbone_s2_007_primer2	HM038023.1	100.000	19	0	0	1	19	383	401	4.7	38.2
qpcr_backbone_s2_007_primer2	HM038021.1	100.000	19	0	0	1	19	383	401	4.7	38.2
qpcr_backbone_s2_007_primer2	HM038020.1	100.000	19	0	0	1	19	383	401	4.7	38.2
qpcr_backbone_s2_007_primer2	HM003570.1	100.000	19	0	0	1	19	1153	1171	4.7	38.2
qpcr_backbone_s2_007_primer2	HM003569.1	100.000	19	0	0	1	19	1153	1171	4.7	38.2
qpcr_backbone_s2_007_primer2	FN687857.1	100.000	19	0	0	1	19	383	401	4.7	38.2
qpcr_backbone_s2_007_primer2	FN687856.1	100.000	19	0	0	1	19	383	401	4.7	38.2
qpcr_backbone_s2_007_primer2	FN687854.1	100.000	19	0	0	1	19	383	401	4.7	38.2
qpcr_backbone_s2_007_primer2	FN687852.1	100.000	19	0	0	1	19	383	401	4.7	38.2
qpcr_backbone_s2_007_primer2	FN687850.1	100.000	19	0	0	1	19	383	401	4.7	38.2
qpcr_backbone_s2_007_primer2	FN687848.1	100.000	19	0	0	1	19	383	401	4.7	38.2
qpcr_backbone_s2_007_primer2	FN687846.1	100.000	19	0	0	1	19	383	401	4.7	38.2
qpcr_backbone_s2_007_primer2	FN687842.1	100.000	19	0	0	1	19	383	401	4.7	38.2
qpcr_backbone_s2_007_primer2	FN687840.1	100.000	19	0	0	1	19	383	401	4.7	38.2
qpcr_backbone_s2_007_primer2	GQ404852.1	100.000	19	0	0	1	19	383	401	4.7	38.2
qpcr_backbone_s2_007_primer2	FJ804417.1	100.000	19	0	0	1	19	383	401	4.7	38.2
qpcr_backbone_s2_007_primer2	GU325766.1	100.000	19	0	0	1	19	333	351	4.7	38.2
qpcr_backbone_s2_007_primer2	GU325754.1	100.000	19	0	0	1	19	731	749	4.7	38.2
qpcr_backbone_s2_007_primer2	GU247992.1	100.000	19	0	0	1	19	383	401	4.7	38.2
qpcr_backbone_s2_007_primer2	GU247991.1	100.000	19	0	0	1	19	383	401	4.7	38.2
qpcr_backbone_s2_007_primer2	GU247987.1	100.000	19	0	0	1	19	383	401	4.7	38.2
qpcr_backbone_s2_007_primer2	GU083582.1	100.000	19	0	0	1	19	383	401	4.7	38.2
qpcr_backbone_s2_007_primer2	GU017735.1	100.000	19	0	0	1	19	383	401	4.7	38.2
qpcr_backbone_s2_007_primer2	GU017399.1	100.000	19	0	0	1	19	24	42	4.7	38.2
qpcr_backbone_s2_007_primer2	GU017378.1	100.000	19	0	0	1	19	24	42	4.7	38.2
qpcr_backbone_s2_007_primer2	GU017359.1	100.000	19	0	0	1	19	24	42	4.7	38.2
qpcr_backbone_s2_007_primer2	GU017345.1	100.000	19	0	0	1	19	24	42	4.7	38.2
qpcr_backbone_s2_007_primer2	GU017343.1	100.000	19	0	0	1	19	24	42	4.7	38.2
qpcr_backbone_s2_007_primer2	GU017334.1	100.000	19	0	0	1	19	24	42	4.7	38.2
qpcr_backbone_s2_007_primer2	GU017327.1	100.000	19	0	0	1	19	24	42	4.7	38.2
qpcr_backbone_s2_007_primer2	GU017326.1	100.000	19	0	0	1	19	24	42	4.7	38.2
qpcr_backbone_s2_007_primer2	GQ449672.1	100.000	19	0	0	1	19	383	401	4.7	38.2
qpcr_backbone_s2_007_primer2	GQ996404.1	100.000	19	0	0	1	19	383	401	4.7	38.2
qpcr_backbone_s2_007_primer2	GQ404802.1	100.000	19	0	0	1	19	333	351	4.7	38.2
qpcr_backbone_s2_007_primer2	GQ404801.1	100.000	19	0	0	1	19	333	351	4.7	38.2
qpcr_backbone_s2_007_primer2	GQ404800.1	100.000	19	0	0	1	19	333	351	4.7	38.2
qpcr_backbone_s2_007_primer2	GQ404799.1	100.000	19	0	0	1	19	333	351	4.7	38.2
qpcr_backbone_s2_007_primer2	GQ359006.1	100.000	19	0	0	1	19	383	401	4.7	38.2
qpcr_backbone_s2_007_primer2	GQ359000.1	100.000	19	0	0	1	19	383	401	4.7	38.2
qpcr_backbone_s2_007_primer2	GQ227412.1	100.000	19	0	0	1	19	383	401	4.7	38.2
qpcr_backbone_s2_007_primer2	FJ905469.1	100.000	19	0	0	1	19	383	401	4.7	38.2
qpcr_backbone_s2_007_primer2	FJ905468.1	100.000	19	0	0	1	19	383	401	4.7	38.2
qpcr_backbone_s2_007_primer2	FJ905467.1	100.000	19	0	0	1	19	383	401	4.7	38.2
qpcr_backbone_s2_007_primer2	FJ905466.1	100.000	19	0	0	1	19	383	401	4.7	38.2
qpcr_backbone_s2_007_primer2	FJ905465.1	100.000	19	0	0	1	19	383	401	4.7	38.2
qpcr_backbone_s2_007_primer2	FJ905464.1	100.000	19	0	0	1	19	383	401	4.7	38.2
qpcr_backbone_s2_007_primer2	FJ905463.1	100.000	19	0	0	1	19	383	401	4.7	38.2
qpcr_backbone_s2_007_primer2	FJ905461.1	100.000	19	0	0	1	19	383	401	4.7	38.2
qpcr_backbone_s2_007_primer2	FJ905460.1	100.000	19	0	0	1	19	383	401	4.7	38.2
qpcr_backbone_s2_007_primer2	FJ905459.1	100.000	19	0	0	1	19	383	401	4.7	38.2
qpcr_backbone_s2_007_primer2	FN398027.1	100.000	19	0	0	1	19	383	401	4.7	38.2
qpcr_backbone_s2_007_primer2	FN398026.1	100.000	19	0	0	1	19	384	402	4.7	38.2
qpcr_backbone_s2_007_primer2	FN398025.1	100.000	19	0	0	1	19	383	401	4.7	38.2
qpcr_backbone_s2_007_primer2	FN398023.1	100.000	19	0	0	1	19	383	401	4.7	38.2
qpcr_backbone_s2_007_primer2	FJ998185.1	100.000	19	0	0	1	19	333	351	4.7	38.2
qpcr_backbone_s2_007_primer2	FJ948167.1	100.000	19	0	0	1	19	1153	1171	4.7	38.2
qpcr_backbone_s2_007_primer2	EU747085.1	100.000	19	0	0	1	19	383	401	4.7	38.2
qpcr_backbone_s2_007_primer2	FJ935780.1	100.000	19	0	0	1	19	383	401	4.7	38.2
qpcr_backbone_s2_007_primer2	EU909688.1	100.000	19	0	0	1	19	416	434	4.7	38.2
qpcr_backbone_s2_007_primer2	FJ870974.1	100.000	19	0	0	1	19	383	401	4.7	38.2
qpcr_backbone_s2_007_primer2	FJ716704.1	100.000	19	0	0	1	19	383	401	4.7	38.2
qpcr_backbone_s2_007_primer2	FJ716703.1	100.000	19	0	0	1	19	383	401	4.7	38.2
qpcr_backbone_s2_007_primer2	FJ388889.1	100.000	19	0	0	1	19	383	401	4.7	38.2
qpcr_backbone_s2_007_primer2	FJ667596.1	100.000	19	0	0	1	19	383	401	4.7	38.2
qpcr_backbone_s2_007_primer2	FJ667595.1	100.000	19	0	0	1	19	383	401	4.7	38.2
qpcr_backbone_s2_007_primer2	FJ667594.1	100.000	19	0	0	1	19	383	401	4.7	38.2
qpcr_backbone_s2_007_primer2	FJ644559.1	100.000	19	0	0	1	19	383	401	4.7	38.2
qpcr_backbone_s2_007_primer2	FJ644930.1	100.000	19	0	0	1	19	383	401	4.7	38.2
qpcr_backbone_s2_007_primer2	FJ644926.1	100.000	19	0	0	1	19	383	401	4.7	38.2
qpcr_backbone_s2_007_primer2	FJ644925.1	100.000	19	0	0	1	19	383	401	4.7	38.2
qpcr_backbone_s2_007_primer2	FJ644924.1	100.000	19	0	0	1	19	383	401	4.7	38.2
qpcr_backbone_s2_007_primer2	FJ644923.1	100.000	19	0	0	1	19	383	401	4.7	38.2
qpcr_backbone_s2_007_primer2	FJ644921.1	100.000	19	0	0	1	19	383	401	4.7	38.2
qpcr_backbone_s2_007_primer2	FJ644920.1	100.000	19	0	0	1	19	383	401	4.7	38.2
qpcr_backbone_s2_007_primer2	FJ644919.1	100.000	19	0	0	1	19	383	401	4.7	38.2
qpcr_backbone_s2_007_primer2	FJ644563.1	100.000	19	0	0	1	19	383	401	4.7	38.2
qpcr_backbone_s2_007_primer2	FJ644562.1	100.000	19	0	0	1	19	383	401	4.7	38.2
qpcr_backbone_s2_007_primer2	FJ644561.1	100.000	19	0	0	1	19	383	401	4.7	38.2
qpcr_backbone_s2_007_primer2	FJ644558.1	100.000	19	0	0	1	19	383	401	4.7	38.2
qpcr_backbone_s2_007_primer2	FJ644555.1	100.000	19	0	0	1	19	383	401	4.7	38.2
qpcr_backbone_s2_007_primer2	FJ608541.1	100.000	19	0	0	1	19	383	401	4.7	38.2
qpcr_backbone_s2_007_primer2	EU408780.1	100.000	19	0	0	1	19	383	401	4.7	38.2
qpcr_backbone_s2_007_primer2	FJ233910.1	100.000	19	0	0	1	19	383	401	4.7	38.2
qpcr_backbone_s2_007_primer2	FJ233909.1	100.000	19	0	0	1	19	383	401	4.7	38.2
qpcr_backbone_s2_007_primer2	FJ233907.1	100.000	19	0	0	1	19	383	401	4.7	38.2
qpcr_backbone_s2_007_primer2	FJ233906.1	100.000	19	0	0	1	19	383	401	4.7	38.2
qpcr_backbone_s2_007_primer2	FJ233905.1	100.000	19	0	0	1	19	383	401	4.7	38.2
qpcr_backbone_s2_007_primer2	FJ158605.1	100.000	19	0	0	1	19	383	401	4.7	38.2
qpcr_backbone_s2_007_primer2	EU257516.1	100.000	19	0	0	1	19	383	401	4.7	38.2
qpcr_backbone_s2_007_primer2	EU257515.1	100.000	19	0	0	1	19	383	401	4.7	38.2
qpcr_backbone_s2_007_primer2	EU257513.1	100.000	19	0	0	1	19	383	401	4.7	38.2
qpcr_backbone_s2_007_primer2	EU257511.1	100.000	19	0	0	1	19	383	401	4.7	38.2
qpcr_backbone_s2_007_primer2	EU126887.1	100.000	19	0	0	1	19	351	369	4.7	38.2
qpcr_backbone_s2_007_primer2	EU126886.1	100.000	19	0	0	1	19	205	223	4.7	38.2
qpcr_backbone_s2_007_primer2	EF493852.1	100.000	19	0	0	1	19	333	351	4.7	38.2
qpcr_backbone_s2_007_primer2	EU886637.1	100.000	19	0	0	1	19	383	401	4.7	38.2
qpcr_backbone_s2_007_primer2	EU555439.2	100.000	19	0	0	1	19	383	401	4.7	38.2
qpcr_backbone_s2_007_primer2	EU684164.1	100.000	19	0	0	1	19	383	401	4.7	38.2
qpcr_backbone_s2_007_primer2	EU594439.1	100.000	19	0	0	1	19	383	401	4.7	38.2
qpcr_backbone_s2_007_primer2	EU594437.1	100.000	19	0	0	1	19	383	401	4.7	38.2
qpcr_backbone_s2_007_primer2	EU589463.1	100.000	19	0	0	1	19	383	401	4.7	38.2
qpcr_backbone_s2_007_primer2	EU545551.1	100.000	19	0	0	1	19	383	401	4.7	38.2
qpcr_backbone_s2_007_primer2	EU545550.1	100.000	19	0	0	1	19	383	401	4.7	38.2
qpcr_backbone_s2_007_primer2	EU545549.1	100.000	19	0	0	1	19	383	401	4.7	38.2
qpcr_backbone_s2_007_primer2	EU545547.1	100.000	19	0	0	1	19	383	401	4.7	38.2
qpcr_backbone_s2_007_primer2	EU545546.1	100.000	19	0	0	1	19	383	401	4.7	38.2
qpcr_backbone_s2_007_primer2	EU545545.1	100.000	19	0	0	1	19	383	401	4.7	38.2
qpcr_backbone_s2_007_primer2	EU545544.1	100.000	19	0	0	1	19	383	401	4.7	38.2
qpcr_backbone_s2_007_primer2	EU545543.1	100.000	19	0	0	1	19	383	401	4.7	38.2
qpcr_backbone_s2_007_primer2	EU545542.1	100.000	19	0	0	1	19	383	401	4.7	38.2
qpcr_backbone_s2_007_primer2	EU547456.1	100.000	19	0	0	1	19	383	401	4.7	38.2
qpcr_backbone_s2_007_primer2	EU450592.1	100.000	19	0	0	1	19	383	401	4.7	38.2
qpcr_backbone_s2_007_primer2	EU450590.1	100.000	19	0	0	1	19	383	401	4.7	38.2
qpcr_backbone_s2_007_primer2	EU450589.1	100.000	19	0	0	1	19	383	401	4.7	38.2
qpcr_backbone_s2_007_primer2	EU450588.1	100.000	19	0	0	1	19	383	401	4.7	38.2
qpcr_backbone_s2_007_primer2	EU450587.1	100.000	19	0	0	1	19	383	401	4.7	38.2
qpcr_backbone_s2_007_primer2	EU450586.1	100.000	19	0	0	1	19	383	401	4.7	38.2
qpcr_backbone_s2_007_primer2	EU450585.1	100.000	19	0	0	1	19	383	401	4.7	38.2
qpcr_backbone_s2_007_primer2	EU450584.1	100.000	19	0	0	1	19	383	401	4.7	38.2
qpcr_backbone_s2_007_primer2	EU503039.1	100.000	19	0	0	1	19	383	401	4.7	38.2
qpcr_backbone_s2_007_primer2	EU503038.1	100.000	19	0	0	1	19	383	401	4.7	38.2
qpcr_backbone_s2_007_primer2	EU503037.1	100.000	19	0	0	1	19	383	401	4.7	38.2
qpcr_backbone_s2_007_primer2	EU503036.1	100.000	19	0	0	1	19	383	401	4.7	38.2
qpcr_backbone_s2_007_primer2	EU503035.1	100.000	19	0	0	1	19	383	401	4.7	38.2
qpcr_backbone_s2_007_primer2	EU503034.1	100.000	19	0	0	1	19	383	401	4.7	38.2
qpcr_backbone_s2_007_primer2	EU503033.1	100.000	19	0	0	1	19	383	401	4.7	38.2
qpcr_backbone_s2_007_primer2	EU503032.1	100.000	19	0	0	1	19	383	401	4.7	38.2
qpcr_backbone_s2_007_primer2	EU503031.1	100.000	19	0	0	1	19	383	401	4.7	38.2
qpcr_backbone_s2_007_primer2	DQ915588.1	100.000	19	0	0	1	19	383	401	4.7	38.2
qpcr_backbone_s2_007_primer2	DQ915587.1	100.000	19	0	0	1	19	383	401	4.7	38.2
qpcr_backbone_s2_007_primer2	DQ915586.1	100.000	19	0	0	1	19	383	401	4.7	38.2
qpcr_backbone_s2_007_primer2	DQ915585.1	100.000	19	0	0	1	19	383	401	4.7	38.2
qpcr_backbone_s2_007_primer2	DQ915584.1	100.000	19	0	0	1	19	383	401	4.7	38.2
qpcr_backbone_s2_007_primer2	DQ915583.1	100.000	19	0	0	1	19	383	401	4.7	38.2
qpcr_backbone_s2_007_primer2	EU340258.1	100.000	19	0	0	1	19	1153	1171	4.7	38.2
qpcr_backbone_s2_007_primer2	EU340257.1	100.000	19	0	0	1	19	1153	1171	4.7	38.2
qpcr_backbone_s2_007_primer2	EU266599.1	100.000	19	0	0	1	19	731	749	4.7	38.2
qpcr_backbone_s2_007_primer2	EU266598.1	100.000	19	0	0	1	19	731	749	4.7	38.2
qpcr_backbone_s2_007_primer2	EU266597.1	100.000	19	0	0	1	19	731	749	4.7	38.2
qpcr_backbone_s2_007_primer2	EU266596.1	100.000	19	0	0	1	19	731	749	4.7	38.2
qpcr_backbone_s2_007_primer2	EU266595.1	100.000	19	0	0	1	19	731	749	4.7	38.2
qpcr_backbone_s2_007_primer2	EU266594.1	100.000	19	0	0	1	19	731	749	4.7	38.2
qpcr_backbone_s2_007_primer2	EU266593.1	100.000	19	0	0	1	19	731	749	4.7	38.2
qpcr_backbone_s2_007_primer2	EU274310.1	100.000	19	0	0	1	19	383	401	4.7	38.2
qpcr_backbone_s2_007_primer2	EF565368.1	100.000	19	0	0	1	19	383	401	4.7	38.2
qpcr_backbone_s2_007_primer2	EF565367.1	100.000	19	0	0	1	19	383	401	4.7	38.2
qpcr_backbone_s2_007_primer2	EF565366.1	100.000	19	0	0	1	19	383	401	4.7	38.2
qpcr_backbone_s2_007_primer2	EF565365.1	100.000	19	0	0	1	19	383	401	4.7	38.2
qpcr_backbone_s2_007_primer2	EF565364.1	100.000	19	0	0	1	19	383	401	4.7	38.2
qpcr_backbone_s2_007_primer2	EF565363.1	100.000	19	0	0	1	19	383	401	4.7	38.2
qpcr_backbone_s2_007_primer2	EF565362.1	100.000	19	0	0	1	19	383	401	4.7	38.2
qpcr_backbone_s2_007_primer2	EF565361.1	100.000	19	0	0	1	19	383	401	4.7	38.2
qpcr_backbone_s2_007_primer2	EF565360.1	100.000	19	0	0	1	19	394	412	4.7	38.2
qpcr_backbone_s2_007_primer2	EF565358.1	100.000	19	0	0	1	19	383	401	4.7	38.2
qpcr_backbone_s2_007_primer2	EF565357.1	100.000	19	0	0	1	19	383	401	4.7	38.2
qpcr_backbone_s2_007_primer2	EF565356.1	100.000	19	0	0	1	19	383	401	4.7	38.2
qpcr_backbone_s2_007_primer2	EF565355.1	100.000	19	0	0	1	19	383	401	4.7	38.2
qpcr_backbone_s2_007_primer2	EF565354.1	100.000	19	0	0	1	19	383	401	4.7	38.2
qpcr_backbone_s2_007_primer2	EF565353.1	100.000	19	0	0	1	19	383	401	4.7	38.2
qpcr_backbone_s2_007_primer2	EF565352.1	100.000	19	0	0	1	19	383	401	4.7	38.2
qpcr_backbone_s2_007_primer2	EF565351.1	100.000	19	0	0	1	19	383	401	4.7	38.2
qpcr_backbone_s2_007_primer2	EF565350.1	100.000	19	0	0	1	19	383	401	4.7	38.2
qpcr_backbone_s2_007_primer2	EF565349.1	100.000	19	0	0	1	19	383	401	4.7	38.2
qpcr_backbone_s2_007_primer2	EF565348.1	100.000	19	0	0	1	19	383	401	4.7	38.2
qpcr_backbone_s2_007_primer2	EF565347.1	100.000	19	0	0	1	19	383	401	4.7	38.2
qpcr_backbone_s2_007_primer2	EF565346.1	100.000	19	0	0	1	19	383	401	4.7	38.2
qpcr_backbone_s2_007_primer2	EF565345.1	100.000	19	0	0	1	19	383	401	4.7	38.2
qpcr_backbone_s2_007_primer2	EF565343.1	100.000	19	0	0	1	19	383	401	4.7	38.2
qpcr_backbone_s2_007_primer2	EF565342.1	100.000	19	0	0	1	19	383	401	4.7	38.2
qpcr_backbone_s2_007_primer2	EU283329.1	100.000	19	0	0	1	19	383	401	4.7	38.2
qpcr_backbone_s2_007_primer2	EU260051.1	100.000	19	0	0	1	19	259	277	4.7	38.2
qpcr_backbone_s2_007_primer2	EU136712.1	100.000	19	0	0	1	19	333	351	4.7	38.2
qpcr_backbone_s2_007_primer2	EU136714.1	100.000	19	0	0	1	19	333	351	4.7	38.2
qpcr_backbone_s2_007_primer2	EU136713.1	100.000	19	0	0	1	19	333	351	4.7	38.2
qpcr_backbone_s2_007_primer2	EU136717.1	100.000	19	0	0	1	19	333	351	4.7	38.2
qpcr_backbone_s2_007_primer2	EU136716.1	100.000	19	0	0	1	19	333	351	4.7	38.2
qpcr_backbone_s2_007_primer2	EU136715.1	100.000	19	0	0	1	19	333	351	4.7	38.2
qpcr_backbone_s2_007_primer2	EF675238.1	100.000	19	0	0	1	19	383	401	4.7	38.2
qpcr_backbone_s2_007_primer2	EF675236.1	100.000	19	0	0	1	19	383	401	4.7	38.2
qpcr_backbone_s2_007_primer2	EF675239.1	100.000	19	0	0	1	19	383	401	4.7	38.2
qpcr_backbone_s2_007_primer2	EF675237.1	100.000	19	0	0	1	19	383	401	4.7	38.2
qpcr_backbone_s2_007_primer2	EF675235.1	100.000	19	0	0	1	19	383	401	4.7	38.2
qpcr_backbone_s2_007_primer2	EF675234.1	100.000	19	0	0	1	19	383	401	4.7	38.2
qpcr_backbone_s2_007_primer2	EF989713.1	100.000	19	0	0	1	19	383	401	4.7	38.2
qpcr_backbone_s2_007_primer2	FN398022.1	100.000	19	0	0	1	19	383	401	4.7	38.2
qpcr_backbone_s2_007_primer2	EF619037.1	100.000	19	0	0	1	19	383	401	4.7	38.2
qpcr_backbone_s2_007_primer2	EF592576.1	100.000	19	0	0	1	19	383	401	4.7	38.2
qpcr_backbone_s2_007_primer2	EF592575.1	100.000	19	0	0	1	19	383	401	4.7	38.2
qpcr_backbone_s2_007_primer2	EF452351.1	100.000	19	0	0	1	19	383	401	4.7	38.2
qpcr_backbone_s2_007_primer2	EF452350.1	100.000	19	0	0	1	19	383	401	4.7	38.2
qpcr_backbone_s2_007_primer2	EF524536.1	100.000	19	0	0	1	19	383	401	4.7	38.2
qpcr_backbone_s2_007_primer2	EF524529.1	100.000	19	0	0	1	19	383	401	4.7	38.2
qpcr_backbone_s2_007_primer2	EF524523.1	100.000	19	0	0	1	19	383	401	4.7	38.2
qpcr_backbone_s2_007_primer2	EF524522.1	100.000	19	0	0	1	19	383	401	4.7	38.2
qpcr_backbone_s2_007_primer2	EF524521.1	100.000	19	0	0	1	19	383	401	4.7	38.2
qpcr_backbone_s2_007_primer2	EF524520.1	100.000	19	0	0	1	19	383	401	4.7	38.2
qpcr_backbone_s2_007_primer2	EF524519.1	100.000	19	0	0	1	19	383	401	4.7	38.2
qpcr_backbone_s2_007_primer2	EF524517.1	100.000	19	0	0	1	19	383	401	4.7	38.2
qpcr_backbone_s2_007_primer2	EF524516.1	100.000	19	0	0	1	19	383	401	4.7	38.2
qpcr_backbone_s2_007_primer2	EF524515.1	100.000	19	0	0	1	19	383	401	4.7	38.2
qpcr_backbone_s2_007_primer2	EF515839.1	100.000	19	0	0	1	19	383	401	4.7	38.2
qpcr_backbone_s2_007_primer2	EF493842.1	100.000	19	0	0	1	19	383	401	4.7	38.2
qpcr_backbone_s2_007_primer2	EF493841.1	100.000	19	0	0	1	19	383	401	4.7	38.2
qpcr_backbone_s2_007_primer2	EF493840.1	100.000	19	0	0	1	19	383	401	4.7	38.2
qpcr_backbone_s2_007_primer2	EF493839.1	100.000	19	0	0	1	19	383	401	4.7	38.2
qpcr_backbone_s2_007_primer2	EF493838.1	100.000	19	0	0	1	19	383	401	4.7	38.2
qpcr_backbone_s2_007_primer2	EF458306.1	100.000	19	0	0	1	19	1153	1171	4.7	38.2
qpcr_backbone_s2_007_primer2	EF421968.1	100.000	19	0	0	1	19	383	401	4.7	38.2
qpcr_backbone_s2_007_primer2	DQ923524.1	100.000	19	0	0	1	19	383	401	4.7	38.2
qpcr_backbone_s2_007_primer2	DQ923523.1	100.000	19	0	0	1	19	383	401	4.7	38.2
qpcr_backbone_s2_007_probe	OU015754.1	100.000	22	0	0	9	30	76240633	76240654	0.31	44.1
qpcr_backbone_s2_007_probe	OU015386.1	100.000	22	0	0	9	30	75648040	75648061	0.31	44.1
qpcr_backbone_s2_007_probe	OU015367.1	100.000	22	0	0	9	30	76145951	76145972	0.31	44.1
qpcr_backbone_s2_007_probe	OW176982.1	100.000	21	0	0	6	26	16492348	16492328	1.2	42.1
qpcr_backbone_s2_009_primer1	LR584067.1	100.000	20	0	0	1	20	38003541	38003560	1.2	40.1
qpcr_backbone_s2_009_primer1	XM_046066645.1	100.000	19	0	0	2	20	5352	5334	4.7	38.2
qpcr_backbone_s2_009_primer1	CP075902.1	100.000	19	0	0	4	22	4443707	4443725	4.7	38.2
qpcr_backbone_s2_009_primer1	XM_038733426.1	100.000	19	0	0	2	20	5309	5291	4.7	38.2
qpcr_backbone_s2_009_primer2	CP010849.1	100.000	21	0	0	2	22	5052762	5052742	0.30	42.1
qpcr_backbone_s2_009_primer2	CP053144.1	100.000	20	0	0	3	22	940311	940292	1.2	40.1
qpcr_backbone_s2_009_primer2	CP053120.1	100.000	20	0	0	3	22	19920538	19920519	1.2	40.1
qpcr_backbone_s2_009_primer2	CP050449.1	100.000	19	0	0	3	21	876564	876582	4.7	38.2
qpcr_backbone_s2_009_primer2	CP035504.1	100.000	19	0	0	3	21	851219	851237	4.7	38.2
qpcr_backbone_s2_009_probe	OW121784.1	100.000	20	0	0	4	23	17540228	17540209	4.8	40.1
qpcr_backbone_s2_010_primer1	OW121831.1	100.000	20	0	0	1	20	31128140	31128159	1.2	40.1
qpcr_backbone_s2_010_primer2	CP022657.1	100.000	19	0	0	3	21	4268158	4268140	4.7	38.2
qpcr_backbone_s2_010_primer2	OW121748.1	100.000	19	0	0	1	19	19024511	19024493	4.7	38.2
qpcr_backbone_s2_010_primer2	OU565288.1	100.000	19	0	0	3	21	4279852	4279870	4.7	38.2
qpcr_backbone_s2_015_primer1	OW119929.1	100.000	19	0	0	2	20	12984400	12984418	4.7	38.2
qpcr_backbone_s2_015_primer2	XM_015979532.1	100.000	19	0	0	2	20	86	68	4.7	38.2
qpcr_backbone_s2_015_primer2	XM_015979531.1	100.000	19	0	0	2	20	227	209	4.7	38.2
qpcr_backbone_s2_015_primer2	XM_015979530.1	100.000	19	0	0	2	20	227	209	4.7	38.2
qpcr_backbone_s2_015_primer2	OW026307.1	100.000	19	0	0	2	20	6587379	6587397	4.7	38.2
qpcr_backbone_s2_015_primer2	KC161573.1	100.000	19	0	0	2	20	86	68	4.7	38.2
qpcr_backbone_s2_018_primer1	HG975448.1	100.000	20	0	0	2	21	54427351	54427370	1.2	40.1
qpcr_backbone_s2_018_primer2	LR989939.1	100.000	20	0	0	2	21	172698	172717	1.2	40.1
qpcr_backbone_s2_018_primer2	XR_006124257.1	100.000	19	0	0	2	20	1650	1632	4.7	38.2
qpcr_backbone_s2_018_probe	OU426955.1	100.000	20	0	0	11	30	20706270	20706289	4.8	40.1
qpcr_backbone_s2_018_probe	FR990034.1	100.000	20	0	0	11	30	4852950	4852931	4.8	40.1
qpcr_backbone_s2_018_probe	FR990030.1	100.000	20	0	0	11	30	8406842	8406861	4.8	40.1
qpcr_backbone_s2_018_probe	FR990027.1	100.000	20	0	0	11	30	12318088	12318069	4.8	40.1
qpcr_backbone_s2_018_probe	FR990026.1	100.000	20	0	0	11	30	8736481	8736462	4.8	40.1
qpcr_backbone_s2_018_probe	FR990017.1	100.000	20	0	0	11	30	19651428	19651409	4.8	40.1
qpcr_backbone_s2_018_probe	FR990012.1	100.000	20	0	0	11	30	10282840	10282821	4.8	40.1
qpcr_backbone_s2_018_probe	FR990012.1	100.000	20	0	0	11	30	19000676	19000695	4.8	40.1
qpcr_backbone_s2_018_probe	FR990012.1	100.000	20	0	0	11	30	36534140	36534159	4.8	40.1
qpcr_backbone_s2_019_primer1	CP053538.1	100.000	20	0	0	3	22	2105871	2105890	1.2	40.1
qpcr_backbone_s2_019_primer1	CP095056.1	100.000	20	0	0	3	22	4512542	4512561	1.2	40.1
qpcr_backbone_s2_019_primer1	HG999684.3	100.000	20	0	0	2	21	14727972	14727953	1.2	40.1
qpcr_backbone_s2_019_primer1	CP052045.1	100.000	19	0	0	5	23	2843845	2843827	4.7	38.2
qpcr_backbone_s2_019_primer1	LR792828.1	100.000	19	0	0	5	23	35968188	35968206	4.7	38.2
qpcr_backbone_s2_019_primer1	LR761613.1	100.000	19	0	0	5	23	35968188	35968206	4.7	38.2
qpcr_backbone_s2_019_primer1	CP044129.1	100.000	19	0	0	3	21	786124	786106	4.7	38.2
qpcr_backbone_s2_019_primer1	XM_031187874.1	100.000	19	0	0	5	23	1052	1070	4.7	38.2
qpcr_backbone_s2_019_primer1	XM_031207329.1	100.000	19	0	0	5	23	1052	1070	4.7	38.2
qpcr_backbone_s2_019_primer1	XM_018900845.1	100.000	19	0	0	5	23	2236	2254	4.7	38.2
qpcr_backbone_s2_019_primer1	XM_018392696.1	100.000	19	0	0	5	23	1052	1070	4.7	38.2
qpcr_backbone_s2_019_primer1	XM_014297321.1	100.000	19	0	0	1	19	861	843	4.7	38.2
qpcr_backbone_s2_019_primer1	FO906698.1	100.000	19	0	0	1	19	362395	362377	4.7	38.2
qpcr_backbone_s2_019_primer1	LR994612.1	100.000	19	0	0	5	23	35968188	35968206	4.7	38.2
qpcr_backbone_s2_019_primer1	CP052903.1	100.000	19	0	0	5	23	2623047	2623029	4.7	38.2
qpcr_backbone_s2_019_primer1	CP052891.1	100.000	19	0	0	5	23	2659456	2659438	4.7	38.2
qpcr_backbone_s2_019_primer1	LR812532.1	100.000	19	0	0	5	23	4959370	4959352	4.7	38.2
qpcr_backbone_s2_019_primer1	FP929116.1	100.000	19	0	0	1	19	926865	926847	4.7	38.2
qpcr_backbone_s2_019_primer2	XM_018192755.1	100.000	19	0	0	5	23	536	518	4.7	38.2
qpcr_backbone_s2_019_primer2	XM_012204727.1	100.000	19	0	0	5	23	899	881	4.7	38.2
qpcr_backbone_s2_019_probe	LR991052.1	95.833	24	1	0	7	30	43674264	43674241	4.8	40.1
qpcr_backbone_s2_019_probe	XM_033822335.1	100.000	20	0	0	9	28	1809	1828	4.8	40.1
qpcr_backbone_s2_021_primer1	CP054908.1	100.000	19	0	0	1	19	2984460	2984442	4.7	38.2
qpcr_backbone_s2_021_primer1	CP043506.1	100.000	19	0	0	3	21	1074634	1074652	4.7	38.2
qpcr_backbone_s2_021_primer1	CP025618.2	100.000	19	0	0	1	19	931987	932005	4.7	38.2
qpcr_backbone_s2_021_primer1	XM_016692985.2	100.000	19	0	0	2	20	779	797	4.7	38.2
qpcr_backbone_s2_021_primer1	CP094246.1	100.000	19	0	0	1	19	1051599	1051617	4.7	38.2
qpcr_backbone_s2_021_primer1	OU862889.1	100.000	19	0	0	3	21	18646309	18646327	4.7	38.2
qpcr_backbone_s2_021_primer1	CP078027.1	100.000	19	0	0	1	19	937345	937363	4.7	38.2
qpcr_backbone_s2_021_primer1	OU342727.1	100.000	19	0	0	2	20	8917734	8917716	4.7	38.2
qpcr_backbone_s2_021_primer1	OU342727.1	100.000	19	0	0	2	20	8922562	8922544	4.7	38.2
qpcr_backbone_s2_021_primer1	XM_040930376.1	100.000	19	0	0	2	20	146	164	4.7	38.2
qpcr_backbone_s2_021_primer1	CP060811.1	100.000	19	0	0	1	19	2324172	2324154	4.7	38.2
qpcr_backbone_s2_021_primer1	CP062252.1	100.000	19	0	0	2	20	5324753	5324735	4.7	38.2
qpcr_backbone_s2_021_primer1	CP062251.1	100.000	19	0	0	2	20	5102811	5102793	4.7	38.2
qpcr_backbone_s2_021_primer2	XM_001969761.3	100.000	21	0	0	2	22	1693	1673	0.30	42.1
qpcr_backbone_s2_021_primer2	XM_017209859.2	100.000	21	0	0	2	22	1633	1613	0.30	42.1
qpcr_backbone_s2_021_primer2	XM_037852899.1	100.000	21	0	0	2	22	1637	1617	0.30	42.1
qpcr_backbone_s2_021_primer2	XM_017070652.2	100.000	21	0	0	2	22	1656	1636	0.30	42.1
qpcr_backbone_s2_021_primer2	OV277693.1	100.000	20	0	0	1	20	66310968	66310987	1.2	40.1
qpcr_backbone_s2_021_primer2	HG996556.1	100.000	20	0	0	2	21	15662951	15662970	1.2	40.1
qpcr_backbone_s2_021_primer2	LT631459.1	100.000	19	0	0	2	20	397722	397740	4.7	38.2
qpcr_backbone_s2_021_primer2	LT631449.1	100.000	19	0	0	2	20	1810284	1810302	4.7	38.2
qpcr_backbone_s2_021_primer2	AK449214.1	100.000	19	0	0	1	19	1291	1309	4.7	38.2
qpcr_backbone_s2_021_primer2	XM_044466864.1	100.000	19	0	0	1	19	3208	3226	4.7	38.2
qpcr_backbone_s2_021_primer2	XM_044466862.1	100.000	19	0	0	1	19	1365	1383	4.7	38.2
qpcr_backbone_s2_021_primer2	XM_044466861.1	100.000	19	0	0	1	19	1365	1383	4.7	38.2
qpcr_backbone_s2_021_primer2	XM_044466860.1	100.000	19	0	0	1	19	1365	1383	4.7	38.2
qpcr_backbone_s2_021_primer2	OU744815.1	100.000	19	0	0	2	20	15875744	15875762	4.7	38.2
qpcr_backbone_s2_021_primer2	CP064992.1	95.652	23	1	0	1	23	884035	884057	4.7	38.2
qpcr_backbone_s2_021_primer2	XM_037628254.1	100.000	19	0	0	1	19	3235	3253	4.7	38.2
qpcr_backbone_s2_021_primer2	XM_037628252.1	100.000	19	0	0	1	19	1271	1289	4.7	38.2
qpcr_backbone_s2_021_primer2	XM_037628251.1	100.000	19	0	0	1	19	1271	1289	4.7	38.2
qpcr_backbone_s2_021_primer2	XM_037628250.1	100.000	19	0	0	1	19	1271	1289	4.7	38.2
qpcr_backbone_s2_021_primer2	FQ310507.3	100.000	19	0	0	1	19	10941234	10941252	4.7	38.2
qpcr_backbone_s2_021_primer2	AP022599.1	100.000	19	0	0	1	19	3688	3670	4.7	38.2
qpcr_backbone_s2_021_primer2	LT631446.1	100.000	19	0	0	2	20	108489	108471	4.7	38.2
qpcr_backbone_s2_021_primer2	OU612033.1	100.000	19	0	0	1	19	13923845	13923827	4.7	38.2
qpcr_backbone_s2_021_probe	LR812064.1	100.000	20	0	0	1	20	46762957	46762976	4.8	40.1
qpcr_backbone_s2_021_probe	LR812039.1	100.000	20	0	0	1	20	45365717	45365736	4.8	40.1
qpcr_backbone_s2_021_probe	LR812595.1	100.000	20	0	0	1	20	47439600	47439619	4.8	40.1
qpcr_backbone_s2_021_probe	LR812570.1	100.000	20	0	0	1	20	48673385	48673404	4.8	40.1
qpcr_backbone_s2_021_probe	LR812545.1	100.000	20	0	0	1	20	47644471	47644490	4.8	40.1
qpcr_backbone_s2_021_probe	LR812520.1	100.000	20	0	0	1	20	55407397	55407416	4.8	40.1
qpcr_backbone_s2_022_primer1	LR597478.1	100.000	20	0	0	2	21	56452673	56452692	1.2	40.1
qpcr_backbone_s2_022_primer1	OV121126.1	100.000	20	0	0	1	20	10994133	10994114	1.2	40.1
qpcr_backbone_s2_022_primer1	NG_029120.1	100.000	19	0	0	3	21	357245	357263	4.7	38.2
qpcr_backbone_s2_022_primer1	AL357333.14	100.000	19	0	0	3	21	74423	74405	4.7	38.2
qpcr_backbone_s2_022_primer2	CP012616.1	100.000	19	0	0	2	20	4501615	4501633	4.7	38.2
qpcr_backbone_s2_022_primer2	OW026298.1	100.000	19	0	0	4	22	42542978	42542996	4.7	38.2
qpcr_backbone_s2_022_primer2	CP056059.1	100.000	19	0	0	2	20	4764761	4764779	4.7	38.2
qpcr_backbone_s2_022_probe	OV121086.1	100.000	21	0	0	5	25	10186581	10186561	1.2	42.1
qpcr_backbone_s2_022_probe	XM_007560564.2	100.000	20	0	0	11	30	4997	5016	4.8	40.1
qpcr_backbone_s2_022_probe	XM_016675561.1	100.000	20	0	0	11	30	4997	5016	4.8	40.1
qpcr_backbone_s2_022_probe	XM_016675560.1	100.000	20	0	0	11	30	5021	5040	4.8	40.1
qpcr_backbone_s2_022_probe	XM_015017005.1	100.000	20	0	0	11	30	4997	5016	4.8	40.1
qpcr_backbone_s2_022_probe	XM_015017004.1	100.000	20	0	0	11	30	5021	5040	4.8	40.1
qpcr_backbone_s2_022_probe	XM_014990935.1	100.000	20	0	0	11	30	4997	5016	4.8	40.1
qpcr_backbone_s2_022_probe	XM_014990934.1	100.000	20	0	0	11	30	5021	5040	4.8	40.1
qpcr_backbone_s2_025_primer1	LR738551.1	100.000	20	0	0	3	22	4176961	4176942	1.2	40.1
qpcr_backbone_s2_025_primer1	XM_027546464.1	100.000	19	0	0	5	23	3210	3228	4.7	38.2
qpcr_backbone_s2_025_primer1	XM_019964944.1	100.000	19	0	0	5	23	3197	3215	4.7	38.2
qpcr_backbone_s2_025_primer1	XM_019964943.1	100.000	19	0	0	5	23	3285	3303	4.7	38.2
qpcr_backbone_s2_025_primer1	OU015692.1	100.000	19	0	0	2	20	9067103	9067121	4.7	38.2
qpcr_backbone_s2_025_primer1	GU373723.1	100.000	19	0	0	5	23	289	307	4.7	38.2
qpcr_backbone_s2_025_primer2	LK422883.1	100.000	20	0	0	2	21	236	255	1.2	40.1
qpcr_backbone_s2_025_primer2	OW026568.1	100.000	19	0	0	2	20	2024118	2024100	4.7	38.2
qpcr_backbone_s2_025_probe	OV743441.1	100.000	20	0	0	11	30	14595342	14595361	4.8	40.1
qpcr_backbone_s2_026_probe	CP094344.1	100.000	20	0	0	1	20	7456438	7456457	4.8	40.1
qpcr_backbone_s2_033_primer1	OW028676.1	100.000	19	0	0	4	22	8410299	8410281	4.7	38.2
qpcr_backbone_s2_033_primer1	CP086257.1	100.000	19	0	0	1	19	3020989	3020971	4.7	38.2
qpcr_backbone_s2_033_primer1	CP047135.1	100.000	19	0	0	3	21	1066300	1066318	4.7	38.2
qpcr_backbone_s2_033_primer1	LR721785.1	100.000	19	0	0	4	22	24192219	24192237	4.7	38.2
qpcr_backbone_s2_033_probe	XM_015514073.1	95.833	24	1	0	1	24	1335	1312	4.8	40.1
qpcr_backbone_s2_034_primer1	JN961597.1	100.000	20	0	0	2	21	24013	23994	1.2	40.1
qpcr_backbone_s2_034_primer1	JN959508.1	100.000	20	0	0	2	21	23996	23977	1.2	40.1
qpcr_backbone_s2_034_primer1	AC152940.2	100.000	20	0	0	2	21	86184	86165	1.2	40.1
qpcr_backbone_s2_034_primer1	AC126028.4	100.000	20	0	0	2	21	21309	21328	1.2	40.1
qpcr_backbone_s2_034_primer1	CP051185.1	100.000	19	0	0	3	21	6248767	6248749	4.7	38.2
qpcr_backbone_s2_034_primer1	LR584444.1	100.000	19	0	0	1	19	12715789	12715771	4.7	38.2
qpcr_backbone_s2_034_primer1	CP028914.1	100.000	19	0	0	3	21	6264155	6264137	4.7	38.2
qpcr_backbone_s2_034_primer1	CP013008.1	100.000	19	0	0	3	21	470426	470408	4.7	38.2
qpcr_backbone_s2_034_primer1	CP091467.1	100.000	19	0	0	3	21	5475945	5475927	4.7	38.2
qpcr_backbone_s2_034_primer1	LR990551.1	100.000	19	0	0	3	21	4154551	4154533	4.7	38.2
qpcr_backbone_s2_034_primer1	CP066886.1	100.000	19	0	0	3	21	476628	476610	4.7	38.2
qpcr_backbone_s2_034_primer1	XM_047686731.1	100.000	19	0	0	3	21	1756	1774	4.7	38.2
qpcr_backbone_s2_034_primer1	XM_047686730.1	100.000	19	0	0	3	21	2352	2370	4.7	38.2
qpcr_backbone_s2_034_primer1	OW204028.1	100.000	19	0	0	3	21	5660862	5660880	4.7	38.2
qpcr_backbone_s2_034_primer1	XM_043328110.1	100.000	19	0	0	3	21	357	375	4.7	38.2
qpcr_backbone_s2_034_primer1	FO818640.1	100.000	19	0	0	3	21	5787937	5787955	4.7	38.2
qpcr_backbone_s2_034_primer1	CP059667.1	100.000	19	0	0	3	21	348762	348780	4.7	38.2
qpcr_backbone_s2_034_primer1	CP060212.1	100.000	19	0	0	3	21	5787937	5787955	4.7	38.2
qpcr_backbone_s2_034_primer2	XM_003226594.3	100.000	20	0	0	1	20	5248	5267	1.2	40.1
qpcr_backbone_s2_034_primer2	XM_016996956.1	100.000	20	0	0	1	20	5290	5309	1.2	40.1
qpcr_backbone_s2_034_primer2	OU745267.1	100.000	19	0	0	3	21	12153729	12153747	4.7	38.2
qpcr_backbone_s2_034_primer2	LR812510.1	100.000	19	0	0	2	20	53605719	53605737	4.7	38.2
qpcr_backbone_s2_034_probe	CP050923.1	95.833	24	1	0	7	30	5080871	5080848	4.8	40.1
qpcr_backbone_s2_034_probe	CP034207.1	95.833	24	1	0	7	30	5368937	5368914	4.8	40.1
qpcr_backbone_s2_034_probe	XM_003717504.1	95.833	24	1	0	7	30	303	326	4.8	40.1
qpcr_backbone_s2_038_primer1	XM_033825076.1	100.000	19	0	0	1	19	1457	1439	4.7	38.2
qpcr_backbone_s2_041_primer2	CP089089.1	100.000	20	0	0	3	22	1739838	1739819	1.2	40.1
qpcr_backbone_s2_041_primer2	CP089090.1	100.000	20	0	0	3	22	1607350	1607331	1.2	40.1
qpcr_backbone_s2_041_primer2	OU015526.1	100.000	20	0	0	1	20	59307280	59307261	1.2	40.1
qpcr_backbone_s2_041_primer2	CP027620.1	100.000	19	0	0	1	19	9604429	9604411	4.7	38.2
qpcr_backbone_s2_041_primer2	OW121748.1	100.000	19	0	0	1	19	38404066	38404084	4.7	38.2
qpcr_backbone_s2_041_probe	XM_020802798.1	100.000	21	0	0	3	23	2758	2778	1.2	42.1
qpcr_backbone_s2_041_probe	XM_020802797.1	100.000	21	0	0	3	23	2897	2917	1.2	42.1
qpcr_backbone_s2_041_probe	XM_020802796.1	100.000	21	0	0	3	23	2758	2778	1.2	42.1
qpcr_backbone_s2_041_probe	XM_020802795.1	100.000	21	0	0	3	23	2758	2778	1.2	42.1
qpcr_backbone_s2_041_probe	XM_008105322.2	100.000	21	0	0	3	23	3126	3146	1.2	42.1
qpcr_backbone_s2_041_probe	XM_016991650.1	100.000	21	0	0	3	23	3126	3146	1.2	42.1
qpcr_backbone_s2_041_probe	XM_008105321.2	100.000	21	0	0	3	23	2917	2937	1.2	42.1
qpcr_backbone_s2_041_probe	XM_016991649.1	100.000	21	0	0	3	23	3093	3113	1.2	42.1
qpcr_backbone_s2_041_probe	XM_008105320.2	100.000	21	0	0	3	23	3126	3146	1.2	42.1
qpcr_backbone_s2_041_probe	XM_008105319.2	100.000	21	0	0	3	23	3126	3146	1.2	42.1
qpcr_backbone_s2_041_probe	XM_042451717.1	100.000	21	0	0	3	23	2841	2861	1.2	42.1
qpcr_backbone_s2_041_probe	XM_042451716.1	100.000	21	0	0	3	23	2933	2953	1.2	42.1
qpcr_backbone_s2_041_probe	XM_042451715.1	100.000	21	0	0	3	23	2932	2952	1.2	42.1
qpcr_backbone_s2_041_probe	XM_042451714.1	100.000	21	0	0	3	23	2933	2953	1.2	42.1
qpcr_backbone_s2_041_probe	XM_042451713.1	100.000	21	0	0	3	23	2933	2953	1.2	42.1
qpcr_backbone_s2_041_probe	FR997798.1	100.000	21	0	0	7	27	17252427	17252447	1.2	42.1
qpcr_backbone_s2_043_primer1	XM_007150281.1	100.000	21	0	0	2	22	163	143	0.30	42.1
qpcr_backbone_s2_043_primer1	OU343084.1	100.000	19	0	0	2	20	43136185	43136203	4.7	38.2
qpcr_backbone_s2_043_primer1	AC121809.3	100.000	19	0	0	1	19	64154	64172	4.7	38.2
qpcr_backbone_s2_043_primer1	LR778253.1	100.000	19	0	0	2	20	13443029	13443011	4.7	38.2
qpcr_backbone_s2_043_primer1	XM_029479891.1	100.000	19	0	0	4	22	3412	3394	4.7	38.2
qpcr_backbone_s2_043_primer1	XM_029479890.1	100.000	19	0	0	4	22	3062	3044	4.7	38.2
qpcr_backbone_s2_043_primer1	XM_029479889.1	100.000	19	0	0	4	22	3631	3613	4.7	38.2
qpcr_backbone_s2_043_primer1	XM_029479888.1	100.000	19	0	0	4	22	3007	2989	4.7	38.2
qpcr_backbone_s2_043_primer1	XM_021168077.2	100.000	19	0	0	4	22	3703	3685	4.7	38.2
qpcr_backbone_s2_043_primer1	XM_021168076.1	100.000	19	0	0	4	22	3640	3622	4.7	38.2
qpcr_backbone_s2_043_primer1	CP059029.1	100.000	19	0	0	1	19	6595464	6595446	4.7	38.2
qpcr_backbone_s2_043_primer2	CP022222.1	100.000	20	0	0	2	21	4620385	4620366	1.2	40.1
qpcr_backbone_s2_043_primer2	OU824203.1	100.000	19	0	0	3	21	897595	897613	4.7	38.2
qpcr_backbone_s2_043_probe	OU342437.1	100.000	20	0	0	4	23	8406785	8406766	4.8	40.1
qpcr_backbone_s2_044_primer1	CP023964.1	100.000	20	0	0	2	21	363544	363563	1.2	40.1
qpcr_backbone_s2_044_primer1	OW028579.1	100.000	19	0	0	2	20	21503866	21503848	4.7	38.2
qpcr_backbone_s2_044_primer1	OW028579.1	100.000	19	0	0	2	20	21559747	21559729	4.7	38.2
qpcr_backbone_s2_044_primer1	OU974033.1	100.000	19	0	0	3	21	1207989	1208007	4.7	38.2
qpcr_backbone_s2_044_primer2	XM_046722708.1	100.000	19	0	0	4	22	1141	1123	4.7	38.2
qpcr_backbone_s2_045_primer1	OW052046.1	100.000	21	0	0	1	21	1470538	1470518	0.30	42.1
qpcr_backbone_s2_045_primer1	OV696704.1	100.000	19	0	0	1	19	11019179	11019197	4.7	38.2
qpcr_backbone_s2_045_probe	LR584399.1	100.000	21	0	0	5	25	16065353	16065373	1.2	42.1
qpcr_backbone_s2_045_probe	LR584399.1	100.000	21	0	0	5	25	35288610	35288630	1.2	42.1
qpcr_backbone_s2_045_probe	LR584398.1	100.000	21	0	0	5	25	24527836	24527856	1.2	42.1
qpcr_backbone_s2_045_probe	XM_029596705.1	100.000	21	0	0	5	25	1205	1185	1.2	42.1
qpcr_backbone_s2_045_probe	LR584400.1	100.000	21	0	0	5	25	40484065	40484045	1.2	42.1
qpcr_backbone_s2_045_probe	CP089906.1	100.000	20	0	0	10	29	3216905	3216924	4.8	40.1
qpcr_backbone_s2_045_probe	XM_047175060.1	100.000	20	0	0	10	29	40	21	4.8	40.1
qpcr_backbone_s2_045_probe	XM_047175059.1	100.000	20	0	0	10	29	40	21	4.8	40.1
